Date,Price
2018-01-02,101.15733247647292
2018-01-03,100.89495955493331
2018-01-04,102.30584856780078
2018-01-05,105.57119436049955
2018-01-08,105.08420305400419
2018-01-09,104.61928083316177
2018-01-10,108.00037225772475
2018-01-11,109.80669426362478
2018-01-12,108.78473159216084
2018-01-15,110.0242577254245
2018-01-16,109.07223418980311
2018-01-17,108.15202798121915
2018-01-18,108.6811826404839
2018-01-19,105.06505709775945
2018-01-22,101.57809349590596
2018-01-23,100.40572620090282
2018-01-24,98.35339036847203
2018-01-25,99.0392079808431
2018-01-26,97.28629877726051
2018-01-29,94.61285809102722
2018-01-30,97.58662361014375
2018-01-31,97.1461597231669
2018-02-01,97.322781227596
2018-02-02,94.60593432612866
2018-02-05,93.56738971585838
2018-02-06,93.81729294729503
2018-02-07,91.75510456694549
2018-02-08,92.48303961770436
2018-02-09,91.4524560050506
2018-02-12,90.9863323091726
2018-02-13,90.02793249549872
2018-02-14,93.09751468721302
2018-02-15,93.11007758519835
2018-02-16,91.30398876410901
2018-02-19,92.78396612763504
2018-02-20,90.70537657923362
2018-02-21,91.10871401233919
2018-02-22,87.87562371214555
2018-02-23,85.52392816798431
2018-02-26,85.91903735858638
2018-02-27,87.26864476430703
2018-02-28,87.60666691428922
2018-03-01,87.44459450888945
2018-03-02,86.98706787729206
2018-03-05,84.71919746570948
2018-03-06,83.5976744146796
2018-03-07,82.91113047552267
2018-03-08,84.56007335914646
2018-03-09,85.13123341360428
2018-03-12,82.52613306018732
2018-03-13,83.07973779797584
2018-03-14,82.51489158726218
2018-03-15,81.53792217643053
2018-03-16,82.467685792646
2018-03-19,84.0054950390332
2018-03-20,85.43470588239164
2018-03-21,84.20887718860925
2018-03-22,83.78552344062909
2018-03-23,84.29399436256035
2018-03-26,85.70152670007295
2018-03-27,85.0537406953243
2018-03-28,84.83091207788175
2018-03-29,83.39503546706669
2018-03-30,81.8380732557805
2018-04-02,82.97656490789053
2018-04-03,84.87955399796552
2018-04-04,84.80900601649502
2018-04-05,86.26235403376002
2018-04-06,86.81881047404791
2018-04-09,85.94937674327
2018-04-10,86.48198475390915
2018-04-11,88.61461478902964
2018-04-12,88.59747729927538
2018-04-13,90.88400697118198
2018-04-16,86.94278271740998
2018-04-17,88.47705124104613
2018-04-18,88.67098519643564
2018-04-19,88.18378269595844
2018-04-20,88.37371786741515
2018-04-23,85.23606532068159
2018-04-24,84.88659351822596
2018-04-25,85.52212667444964
2018-04-26,88.00863766525062
2018-04-27,87.13261082764133
2018-04-30,85.80208282632752
2018-05-01,85.00847761816517
2018-05-02,86.51848036541213
2018-05-03,87.08836005016968
2018-05-04,86.28933922015713
2018-05-07,87.1125750191845
2018-05-08,87.29389233846561
2018-05-09,88.75460245891348
2018-05-10,87.74845225026677
2018-05-11,87.3074864159007
2018-05-14,86.7916549142644
2018-05-15,84.85035665116042
2018-05-16,85.3022312971988
2018-05-17,85.69599158757165
2018-05-18,85.7371384794047
2018-05-21,85.46651784035981
2018-05-22,83.73069608152558
2018-05-23,83.21829579352692
2018-05-24,82.81919813909569
2018-05-25,81.87236607316763
2018-05-28,81.7097372833908
2018-05-29,82.21993727219449
2018-05-30,84.47497791814409
2018-05-31,84.74078072622022
2018-06-01,85.1083001579719
2018-06-04,85.04827260339935
2018-06-05,82.7569090625921
2018-06-06,82.75468876583943
2018-06-07,82.86560380744167
2018-06-08,86.04717850417923
2018-06-11,85.78257243153627
2018-06-12,86.27039512369885
2018-06-13,86.25415774987695
2018-06-14,84.65201459131139
2018-06-15,86.32378212322915
2018-06-18,87.47554406179702
2018-06-19,88.68955398426044
2018-06-20,87.38055277370051
2018-06-21,89.5006593543292
2018-06-22,87.35841343308499
2018-06-25,88.33892641012693
2018-06-26,91.91656355473415
2018-06-27,90.0983920962547
2018-06-28,89.089295285298
2018-06-29,89.30332921459667
2018-07-02,88.47491352816463
2018-07-03,85.96889225864193
2018-07-04,86.12064671132966
2018-07-05,84.42142978150711
2018-07-06,85.23082304626064
2018-07-09,83.80664108494365
2018-07-10,86.30913830888777
2018-07-11,85.01338862976964
2018-07-12,84.51307461051888
2018-07-13,85.85804035492534
2018-07-16,83.93435491952604
2018-07-17,84.3353456781156
2018-07-18,86.43684354423104
2018-07-19,83.85366187485859
2018-07-20,84.20322829239707
2018-07-23,84.66722217287688
2018-07-24,85.96343593151437
2018-07-25,84.03130748039683
2018-07-26,81.96344301807464
2018-07-27,82.84806828843679
2018-07-30,83.35695409750221
2018-07-31,83.78027160271554
2018-08-01,84.33805541822166
2018-08-02,83.37624985144993
2018-08-03,83.74326825568859
2018-08-06,84.18655793013387
2018-08-07,83.25315470532921
2018-08-08,85.80983864010136
2018-08-09,86.5651945857162
2018-08-10,84.84284614365282
2018-08-13,85.86370983217681
2018-08-14,84.46074837684318
2018-08-15,85.65924085312018
2018-08-16,87.42254987089889
2018-08-17,86.2039468307198
2018-08-20,87.7021233558456
2018-08-21,88.37442526359155
2018-08-22,89.65787030422659
2018-08-23,92.62500628667826
2018-08-24,92.23678525581289
2018-08-27,91.02268769211942
2018-08-28,89.62144009904962
2018-08-29,88.36172446623023
2018-08-30,88.27649174108258
2018-08-31,88.82836339125527
2018-09-03,89.27314123352218
2018-09-04,90.50772016930553
2018-09-05,90.56284558593885
2018-09-06,92.67229690971192
2018-09-07,92.30780713750268
2018-09-10,96.43306443841657
2018-09-11,97.66855329495274
2018-09-12,96.10617924031389
2018-09-13,94.19387367452325
2018-09-14,95.1141620387074
2018-09-17,94.7535646644077
2018-09-18,96.02726952280432
2018-09-19,96.8818885725897
2018-09-20,96.79778203814101
2018-09-21,95.46642335857159
2018-09-24,93.1095604789832
2018-09-25,92.41203265456424
2018-09-26,93.82624203721339
2018-09-27,94.2100541268691
2018-09-28,92.31267045518895
2018-10-01,92.62424840040079
2018-10-02,93.25564079610626
2018-10-03,91.97010671897912
2018-10-04,92.23580624528293
2018-10-05,92.35692694200145
2018-10-08,90.80221366007497
2018-10-09,91.34574214973108
2018-10-10,92.16354536664365
2018-10-11,93.70441889328602
2018-10-12,95.25812924255773
2018-10-15,93.28706645379786
2018-10-16,91.91937885951353
2018-10-17,92.7287342351915
2018-10-18,93.52719272625858
2018-10-19,94.31905212282074
2018-10-22,100.08461482940177
2018-10-23,101.40895226863508
2018-10-24,103.98235084861939
2018-10-25,106.2281400852462
2018-10-26,107.79802623534881
2018-10-29,107.11580907001448
2018-10-30,108.85062234022654
2018-10-31,107.19710985234684
2018-11-01,106.73231589880254
2018-11-02,105.77857846857955
2018-11-05,105.98377708364687
2018-11-06,110.56373858140704
2018-11-07,106.33350580972055
2018-11-08,108.07838167907396
2018-11-09,104.2477741019245
2018-11-12,103.11374610643767
2018-11-13,105.79796956348974
2018-11-14,105.99952947796875
2018-11-15,103.51087891232532
2018-11-16,101.89475850834201
2018-11-19,103.47872774332583
2018-11-20,101.89732411737847
2018-11-21,102.40786063292327
2018-11-22,102.54430165174644
2018-11-23,101.28033079454379
2018-11-26,105.58989993161627
2018-11-27,107.10907576101201
2018-11-28,102.61101648456862
2018-11-29,103.1106483385361
2018-11-30,101.59819271542965
2018-12-03,103.59824678486225
2018-12-04,101.83599402064259
2018-12-05,101.62194053973673
2018-12-06,102.74422584265227
2018-12-07,104.61254512569887
2018-12-10,102.14860448453781
2018-12-11,101.48812545159132
2018-12-12,100.57452426631052
2018-12-13,99.35337058989559
2018-12-14,102.77093934337893
2018-12-17,103.67080890135723
2018-12-18,101.14493965047151
2018-12-19,103.09739795474617
2018-12-20,107.68060250064697
2018-12-21,110.31417485688094
2018-12-24,106.55810057058602
2018-12-25,105.35742537565423
2018-12-26,108.57606222905865
2018-12-27,106.79203304170525
2018-12-28,107.95299247405696
2018-12-31,109.90969502147595
2019-01-01,107.70410124139848
2019-01-02,107.60505420467601
2019-01-03,100.47416611270033
2019-01-04,97.64740604881824
2019-01-07,96.99320775337009
2019-01-08,93.81588898768847
2019-01-09,98.16666478351287
2019-01-10,94.1875743983839
2019-01-11,92.97753166877783
2019-01-14,93.36997936090846
2019-01-15,97.23457533066512
2019-01-16,93.31391360536716
2019-01-17,96.6700717035953
2019-01-18,96.73876048760313
2019-01-21,94.06716328029815
2019-01-22,95.36472287495273
2019-01-23,95.93118943718507
2019-01-24,94.45210509345564
2019-01-25,94.66012277880617
2019-01-28,93.80202253751706
2019-01-29,94.09311139023836
2019-01-30,95.56161329869363
2019-01-31,99.03498903781433
2019-02-01,96.22573225244302
2019-02-04,101.3301628520729
2019-02-05,96.12551616881082
2019-02-06,95.72647912192798
2019-02-07,97.39567970916539
2019-02-08,98.19948216971753
2019-02-11,96.62019181916617
2019-02-12,96.13849817636945
2019-02-13,95.00566454050556
2019-02-14,93.70648506655236
2019-02-15,95.62404114398146
2019-02-18,96.45416302843002
2019-02-19,95.01617728025805
2019-02-20,96.93580909881196
2019-02-21,97.62144630171504
2019-02-22,99.32987596221646
2019-02-25,100.66674491570383
2019-02-26,99.04021548705397
2019-02-27,97.980024092952
2019-02-28,99.45244804826152
2019-03-01,100.66154087529259
2019-03-04,100.66240285862065
2019-03-05,100.91612019277635
2019-03-06,103.22866431449162
2019-03-07,102.17826843862547
2019-03-08,103.20774591319272
2019-03-11,102.8905164895777
2019-03-12,102.55921675883961
2019-03-13,104.43655883724163
2019-03-14,105.9043979385179
2019-03-15,107.36581126470558
2019-03-18,109.71537569601908
2019-03-19,109.79816439654957
2019-03-20,111.07081003668074
2019-03-21,110.5613998600106
2019-03-22,111.16877586787722
2019-03-25,110.99256172505729
2019-03-26,111.1968210282373
2019-03-27,112.20058985772899
2019-03-28,110.94380919800956
2019-03-29,114.3534091855939
2019-04-01,112.5416656781313
2019-04-02,110.36374478886714
2019-04-03,112.586146607587
2019-04-04,114.17749637232328
2019-04-05,115.44761139062122
2019-04-08,116.71842890158226
2019-04-09,116.7415221427025
2019-04-10,115.12599168317959
2019-04-11,115.31187136970684
2019-04-12,114.1524916591802
2019-04-15,115.91964480333107
2019-04-16,115.70223960073272
2019-04-17,114.32024269352927
2019-04-18,113.81482433948064
2019-04-19,114.55219570168987
2019-04-22,113.67315293705698
2019-04-23,112.39999493555634
2019-04-24,112.83506737319863
2019-04-25,113.26475932609675
2019-04-26,112.5327428658496
2019-04-29,111.86905843099063
2019-04-30,112.2578497123254
2019-05-01,110.21322934518327
2019-05-02,108.1410065455259
2019-05-03,107.06191392823465
2019-05-06,106.775281093515
2019-05-07,107.28664544170098
2019-05-08,109.5344184472918
2019-05-09,110.96188720764891
2019-05-10,110.74611257432257
2019-05-13,110.76032100728233
2019-05-14,109.26914396011948
2019-05-15,109.28424779351097
2019-05-16,108.89387455352555
2019-05-17,109.4130604225163
2019-05-20,108.26376956692306
2019-05-21,109.05925929444642
2019-05-22,111.32898866419909
2019-05-23,111.20281569903304
2019-05-24,111.86374885421692
2019-05-27,112.9574483767409
2019-05-28,112.39358399989587
2019-05-29,112.772963244069
2019-05-30,112.83653882800594
2019-05-31,113.02206018613929
2019-06-03,111.98147202210741
2019-06-04,112.06075953330424
2019-06-05,112.79585671000974
2019-06-06,114.86274028447033
2019-06-07,116.35495580159198
2019-06-10,119.76983342710147
2019-06-11,118.42229848298469
2019-06-12,120.04993158648423
2019-06-13,120.4336061102959
2019-06-14,124.45161557446934
2019-06-17,122.79554850934593
2019-06-18,121.10822569974995
2019-06-19,119.93711797731899
2019-06-20,115.83572150239777
2019-06-21,114.73784801624083
2019-06-24,113.19178247254226
2019-06-25,113.54697021142998
2019-06-26,114.27553755827299
2019-06-27,118.03218449323731
2019-06-28,120.20550877281538
2019-07-01,118.95761886712866
2019-07-02,117.05890764385381
2019-07-03,118.16480155336886
2019-07-04,115.46174422945079
2019-07-05,119.47816853290053
2019-07-08,122.40697294168288
2019-07-09,121.28081468330487
2019-07-10,117.25474429308882
2019-07-11,120.76225569479014
2019-07-12,120.50380859964937
2019-07-15,123.7736296975708
2019-07-16,119.59774947765038
2019-07-17,118.00105610582423
2019-07-18,118.06218031738244
2019-07-19,118.22909101763311
2019-07-22,117.17983295619614
2019-07-23,118.70060678028965
2019-07-24,116.28746143640059
2019-07-25,116.00680744041193
2019-07-26,116.31943190415564
2019-07-29,117.46999285518355
2019-07-30,119.02338059082516
2019-07-31,116.73155043915168
2019-08-01,113.60891482986575
2019-08-02,116.44356166361341
2019-08-05,117.24831053725728
2019-08-06,115.64956811647777
2019-08-07,119.08604715836132
2019-08-08,119.40571228471012
2019-08-09,122.1575554900795
2019-08-12,122.3661770543678
2019-08-13,127.20604519342123
2019-08-14,132.03128492275673
2019-08-15,131.3401354771188
2019-08-16,134.20703133938238
2019-08-19,136.1608613962156
2019-08-20,140.23959231231802
2019-08-21,137.34549005403719
2019-08-22,139.48722479242355
2019-08-23,142.75626912638387
2019-08-26,137.4826808483856
2019-08-27,133.7842369373743
2019-08-28,127.51390981077711
2019-08-29,126.65601374294852
2019-08-30,129.04255083484466
2019-09-02,134.01486359610377
2019-09-03,134.32776333833144
2019-09-04,139.95330135143917
2019-09-05,134.98191301369454
2019-09-06,128.8859366109975
2019-09-09,128.7279068887194
2019-09-10,130.17015689754874
2019-09-11,130.10778744253605
2019-09-12,123.42220301751061
2019-09-13,123.15480503628282
2019-09-16,118.85689597104333
2019-09-17,121.1719539372371
2019-09-18,122.44741999811238
2019-09-19,119.49352184693284
2019-09-20,117.94217746069923
2019-09-23,114.86317753756731
2019-09-24,114.72620044244947
2019-09-25,117.46993207069909
2019-09-26,114.74658186370245
2019-09-27,116.19771347374864
2019-09-30,114.81244548563558
2019-10-01,112.8123261066449
2019-10-02,112.58812281999906
2019-10-03,110.16255557357393
2019-10-04,108.90228891572227
2019-10-07,106.24995664248331
2019-10-08,110.83671274945847
2019-10-09,110.97352615668146
2019-10-10,109.27234478714513
2019-10-11,109.8360302896897
2019-10-14,109.61718227410938
2019-10-15,109.1658943946436
2019-10-16,110.54071029420588
2019-10-17,112.21236945033013
2019-10-18,111.13015636924482
2019-10-21,109.99395701838746
2019-10-22,109.49073847598646
2019-10-23,105.19997272097108
2019-10-24,102.03438214712303
2019-10-25,105.11945701394583
2019-10-28,109.08196980223083
2019-10-29,108.4828138060514
2019-10-30,109.96150013492576
2019-10-31,110.76693925043557
2019-11-01,118.34039548445902
2019-11-04,122.11349933130968
2019-11-05,121.72776561012022
2019-11-06,118.71591030302577
2019-11-07,113.81982810398821
2019-11-08,114.51633306041198
2019-11-11,112.26192651967516
2019-11-12,108.18815321408843
2019-11-13,106.34090910159166
2019-11-14,103.37534845069314
2019-11-15,108.16793752399005
2019-11-18,110.95970374669008
2019-11-19,110.97924429759682
2019-11-20,115.52086579702771
2019-11-21,115.81771508802481
2019-11-22,113.22432181928195
2019-11-25,117.91685075988009
2019-11-26,119.73731669015552
2019-11-27,116.5024729545806
2019-11-28,115.95629105212548
2019-11-29,113.42616742818862
2019-12-02,109.56296965453123
2019-12-03,112.29938075883616
2019-12-04,118.05835079238568
2019-12-05,113.48442910254808
2019-12-06,115.43126392576673
2019-12-09,113.35166204707436
2019-12-10,111.87299199709557
2019-12-11,110.15397677899956
2019-12-12,107.74780668118508
2019-12-13,107.92536866874592
2019-12-16,105.78570769477011
2019-12-17,106.52383284616192
2019-12-18,106.44190286176713
2019-12-19,105.91831856690668
2019-12-20,103.91752215758378
2019-12-23,102.68852964935263
2019-12-24,104.35374711704213
2019-12-25,105.46983868902376
2019-12-26,103.4834535599011
2019-12-27,103.72945893133064
2019-12-30,105.2732110229579
2019-12-31,102.05053522184893
2020-01-01,103.22021746153221
2020-01-02,101.92197253062596
2020-01-03,103.09276660624644
2020-01-06,101.66040458522876
2020-01-07,98.34083118408886
2020-01-08,95.18251453776706
2020-01-09,95.31973222157126
2020-01-10,95.87376703139653
2020-01-13,94.19143542897083
2020-01-14,95.43556593381227
2020-01-15,92.43041386434768
2020-01-16,92.3398832503913
2020-01-17,90.15913586975877
2020-01-20,88.99888744803576
2020-01-21,89.11913787601264
2020-01-22,87.6878824557035
2020-01-23,87.07940473977615
2020-01-24,88.75614200598311
2020-01-27,87.84153545398789
2020-01-28,89.22552994210234
2020-01-29,87.45463683555329
2020-01-30,88.34631727165556
2020-01-31,90.69790754301697
2020-02-03,86.61486001559621
2020-02-04,85.1180405827558
2020-02-05,86.2424258081209
2020-02-06,85.90184181748661
2020-02-07,86.5969801284569
2020-02-10,85.59399309679873
2020-02-11,85.77286452742986
2020-02-12,85.55689458954738
2020-02-13,87.41935523157763
2020-02-14,87.86589224759565
2020-02-17,88.43203993569325
2020-02-18,87.83925354669648
2020-02-19,87.15595578874213
2020-02-20,86.57273119532174
2020-02-21,87.15730250124949
2020-02-24,86.61956673767818
2020-02-25,87.0391299063178
2020-02-26,89.80926993060268
2020-02-27,91.17962169706462
2020-02-28,90.71527738825255
2020-03-02,92.55752328852432
2020-03-03,91.96081210049792
2020-03-04,88.97488541158121
2020-03-05,87.36857328245434
2020-03-06,84.41970131237528
2020-03-09,83.84959038724423
2020-03-10,83.91362308768414
2020-03-11,86.66150397387537
2020-03-12,87.27570218053998
2020-03-13,86.93495167596024
2020-03-16,88.3493176951375
2020-03-17,84.78371901975174
2020-03-18,85.25055744623154
2020-03-19,86.66256630413889
2020-03-20,84.1107426665125
2020-03-23,86.23641924289787
2020-03-24,86.9084944164639
2020-03-25,86.18900986406427
2020-03-26,87.33843692142067
2020-03-27,91.40277587624055
2020-03-30,91.82205597203087
2020-03-31,92.3628719655477
2020-04-01,91.50394047498052
2020-04-02,89.95542205297035
2020-04-03,91.52590178126717
2020-04-06,89.99656776637585
2020-04-07,90.16140954970776
2020-04-08,89.37312383300035
2020-04-09,90.21282983098664
2020-04-10,90.79824080157888
2020-04-13,92.51087997099938
2020-04-14,91.71220216661197
2020-04-15,91.32012469614655
2020-04-16,89.86502362110645
2020-04-17,89.22768252921182
2020-04-20,89.82074857485551
2020-04-21,90.95605818974306
2020-04-22,89.66469600448033
2020-04-23,90.95726857720094
2020-04-24,92.988308546566
2020-04-27,93.66884650983833
2020-04-28,96.60725719542636
2020-04-29,95.3135111867764
2020-04-30,93.26805984458973
2020-05-01,90.32702509620289
2020-05-04,93.08528153617449
2020-05-05,94.40168813653518
2020-05-06,94.3324368546133
2020-05-07,94.88974162523367
2020-05-08,92.92605410427593
2020-05-11,97.4351652937392
2020-05-12,97.76144216231418
2020-05-13,98.03463315223051
2020-05-14,99.57875302890442
2020-05-15,100.61107989291777
2020-05-18,101.10311506607101
2020-05-19,99.61373576296289
2020-05-20,100.55296745078627
2020-05-21,104.16281366598533
2020-05-22,107.1044430056208
2020-05-25,110.80908818083917
2020-05-26,109.59252254391318
2020-05-27,107.30647811348675
2020-05-28,107.05677564176928
2020-05-29,107.22407397880525
2020-06-01,109.64356676209411
2020-06-02,105.99475486879632
2020-06-03,109.62112696476332
2020-06-04,109.2692518685827
2020-06-05,108.29311448510626
2020-06-08,106.03280369601654
2020-06-09,102.40480048843996
2020-06-10,104.38083151081543
2020-06-11,104.59445605298696
2020-06-12,101.77189633761397
2020-06-15,98.94014481813585
2020-06-16,98.22833753846646
2020-06-17,101.92030709882656
2020-06-18,101.3439712437572
2020-06-19,98.0165087844778
2020-06-22,97.48919915394652
2020-06-23,96.92759339924638
2020-06-24,91.43236102968727
2020-06-25,91.33637308285164
2020-06-26,90.8355362946841
2020-06-29,92.43476689756159
2020-06-30,96.65716672175665
2020-07-01,99.58432796236974
2020-07-02,98.92112095905892
2020-07-03,96.23238650048515
2020-07-06,102.78342498468078
2020-07-07,103.0109176997722
2020-07-08,103.09403464930296
2020-07-09,103.06596126647865
2020-07-10,103.6524844198415
2020-07-13,103.31290120145985
2020-07-14,101.91635341390042
2020-07-15,100.64331277119715
2020-07-16,100.60770969317791
2020-07-17,99.44844891879522
2020-07-20,97.97941123257539
2020-07-21,98.23825801194072
2020-07-22,97.77240577886795
2020-07-23,100.72070333502738
2020-07-24,95.42970935381344
2020-07-27,98.10857252416143
2020-07-28,101.27092167510249
2020-07-29,96.06685295242701
2020-07-30,95.16251874876188
2020-07-31,94.22908668427858
2020-08-03,90.80950442896183
2020-08-04,88.92365741471419
2020-08-05,86.334991761251
2020-08-06,90.57444985894796
2020-08-07,93.12124388457481
2020-08-10,96.65064253268196
2020-08-11,98.77216312723664
2020-08-12,95.64683429791896
2020-08-13,94.23897823566415
2020-08-14,95.58007515937067
2020-08-17,92.5050888090043
2020-08-18,94.37649510944628
2020-08-19,93.80615420405786
2020-08-20,92.9416950962219
2020-08-21,94.6327735532501
2020-08-24,95.69635489639475
2020-08-25,94.92847848750418
2020-08-26,97.48482849308314
2020-08-27,95.14115885349682
2020-08-28,96.53860440070645
2020-08-31,97.87070461411706
2020-09-01,97.25014695292383
2020-09-02,97.95915811952777
2020-09-03,95.53970542314214
2020-09-04,97.43314327278301
2020-09-07,97.09948578099008
2020-09-08,96.13137212836212
2020-09-09,98.14696679531514
2020-09-10,96.84411746731695
2020-09-11,94.29743415991094
2020-09-14,91.4418767035069
2020-09-15,92.6594498694096
2020-09-16,90.27772625737636
2020-09-17,93.73790269929607
2020-09-18,89.4050436357801
2020-09-21,93.44098229809343
2020-09-22,94.02439235366269
2020-09-23,93.82191942966665
2020-09-24,92.57541522313679
2020-09-25,93.52257199627716
2020-09-28,93.47685610678258
2020-09-29,95.87865091940783
2020-09-30,96.1673835251874
2020-10-01,96.52295135005603
2020-10-02,95.8260163226485
2020-10-05,95.7535183265807
2020-10-06,96.3694866777666
2020-10-07,93.34571202659276
2020-10-08,90.8562272296169
2020-10-09,92.32534831981465
2020-10-12,92.68938918144251
2020-10-13,92.38748045212236
2020-10-14,92.45711999688615
2020-10-15,93.0896624242635
2020-10-16,92.23181756213398
2020-10-19,91.02180491500307
2020-10-20,91.36755428064133
2020-10-21,89.91780471559565
2020-10-22,90.57503097741814
2020-10-23,88.11333302792752
2020-10-26,89.77384653525073
2020-10-27,90.57263682115492
2020-10-28,91.01427256954148
2020-10-29,92.57436717025377
2020-10-30,95.2697132596932
2020-11-02,97.09094563304534
2020-11-03,93.89744199547602
2020-11-04,91.54448083268966
2020-11-05,90.40432725563439
2020-11-06,90.48822868929285
2020-11-09,91.44022335390785
2020-11-10,90.22858382030995
2020-11-11,90.5795633343777
2020-11-12,89.39231579530583
2020-11-13,88.46082204085143
2020-11-16,86.3518423343312
2020-11-17,84.94573575705205
2020-11-18,82.91460046304663
2020-11-19,81.43328473590229
2020-11-20,83.10639910428024
2020-11-23,81.6471476725078
2020-11-24,85.88617766332224
2020-11-25,86.9104748050925
2020-11-26,87.30743344086738
2020-11-27,85.73780738234645
2020-11-30,87.06651459495178
2020-12-01,86.0563483438828
2020-12-02,86.30563214170661
2020-12-03,90.79461479196314
2020-12-04,90.62470721910844
2020-12-07,93.05512608680613
2020-12-08,91.60128198001364
2020-12-09,91.56587667928147
2020-12-10,95.16771341352307
2020-12-11,93.82236470157899
2020-12-14,97.8114527241047
2020-12-15,99.57888033173151
2020-12-16,98.27231658658964
2020-12-17,99.78271434134108
2020-12-18,102.07004479128432
2020-12-21,103.57093508237064
2020-12-22,100.05403125402408
2020-12-23,98.39633564613203
2020-12-24,97.87556743372504
2020-12-25,97.75336499401921
2020-12-28,99.09162884764811
2020-12-29,99.4975913178549
2020-12-30,96.91799924774166
2020-12-31,97.72047339503327
2021-01-01,98.95796618195037
2021-01-04,100.08412423378812
2021-01-05,102.20365254341041
2021-01-06,103.89646912884893
2021-01-07,104.85133018521134
2021-01-08,104.7570956867957
2021-01-11,101.73727450750532
2021-01-12,102.61925738717517
2021-01-13,103.05759060542515
2021-01-14,103.60283697634777
2021-01-15,101.36958272851221
2021-01-18,99.46395863633329
2021-01-19,101.42340263064028
2021-01-20,101.39049442285663
2021-01-21,102.65941510690836
2021-01-22,102.75107267490368
2021-01-25,102.84357343062865
2021-01-26,104.4651490795811
2021-01-27,103.63079224928484
2021-01-28,103.83157194662907
2021-01-29,103.13205806197419
2021-02-01,102.49570298731516
2021-02-02,102.06707682735082
2021-02-03,102.43721497703693
2021-02-04,101.78683468058937
2021-02-05,103.62238977028329
2021-02-08,102.3328392054157
2021-02-09,102.09616353362337
2021-02-10,101.50282166664648
2021-02-11,103.60894150203717
2021-02-12,103.95076411161796
2021-02-15,105.54292961063297
2021-02-16,103.32222473901231
2021-02-17,103.79115528822746
2021-02-18,105.23203909609978
2021-02-19,105.40505843808096
2021-02-22,107.10928725927481
2021-02-23,106.32674879155124
2021-02-24,108.59498846362952
2021-02-25,112.56569107737955
2021-02-26,111.87580129969716
2021-03-01,111.05102229746335
2021-03-02,113.88291843363776
2021-03-03,117.19761891993647
2021-03-04,116.082765075894
2021-03-05,115.22718418941926
2021-03-08,114.68935181637158
2021-03-09,112.07525276945547
2021-03-10,110.27019529139723
2021-03-11,108.32833492344261
2021-03-12,106.86839011025126
2021-03-15,106.84447047856078
2021-03-16,107.3225665889992
2021-03-17,110.199693590645
2021-03-18,108.29707048638645
2021-03-19,110.27103281130533
2021-03-22,109.89055720548146
2021-03-23,109.83983391173159
2021-03-24,111.13873093974604
2021-03-25,109.13162315007447
2021-03-26,109.88289992111045
2021-03-29,110.22805310145134
2021-03-30,111.14065956388323
2021-03-31,111.687793252104
2021-04-01,115.97735179140592
2021-04-02,114.68978373756006
2021-04-05,113.6567069529739
2021-04-06,112.47734552246527
2021-04-07,111.46065988223936
2021-04-08,110.3237129558584
2021-04-09,112.54731576424757
2021-04-12,115.32029077999037
2021-04-13,114.21019893732415
2021-04-14,112.62473406446215
2021-04-15,113.5859752158277
2021-04-16,112.58463549650558
2021-04-19,113.80635198659186
2021-04-20,114.22596299901687
2021-04-21,111.58683618258881
2021-04-22,114.54214975105899
2021-04-23,118.28112707295355
2021-04-26,116.93946012573466
2021-04-27,116.1344078971284
2021-04-28,116.78948847117317
2021-04-29,117.52942118553175
2021-04-30,118.91241223352746
2021-05-03,123.06728024875065
2021-05-04,122.7045567977837
2021-05-05,120.97623787397896
2021-05-06,118.04129629384315
2021-05-07,116.474410402872
2021-05-10,116.44941405071606
2021-05-11,120.29552578273672
2021-05-12,119.13505449773983
2021-05-13,119.69012997045684
2021-05-14,119.70198637446205
2021-05-17,122.29106381971364
2021-05-18,128.0535294560026
2021-05-19,126.63835919163098
2021-05-20,125.38933217456405
2021-05-21,128.14619741054733
2021-05-24,130.00731964887737
2021-05-25,134.99080277524672
2021-05-26,136.7950413937983
2021-05-27,135.7981854855605
2021-05-28,137.52592489930552
2021-05-31,140.6992759676916
2021-06-01,143.13652624731878
2021-06-02,144.6697910970975
2021-06-03,147.79360321379176
2021-06-04,151.31895822645615
2021-06-07,155.6569802018469
2021-06-08,157.8475779331039
2021-06-09,157.37155564653239
2021-06-10,157.8900976741869
2021-06-11,161.6097405048948
2021-06-14,159.1344705203754
2021-06-15,160.32834246483782
2021-06-16,159.22429490121723
2021-06-17,159.3705775787022
2021-06-18,163.01991680950667
2021-06-21,163.64528495361415
2021-06-22,163.84263224293605
2021-06-23,160.21627381341543
2021-06-24,162.37988558545808
2021-06-25,164.26277838183063
2021-06-28,170.46728056093497
2021-06-29,169.52033822330537
2021-06-30,170.28640741509452
2021-07-01,171.12536281632148
2021-07-02,175.9881795373094
2021-07-05,175.74635410171882
2021-07-06,176.69986714329022
2021-07-07,178.64872644919924
2021-07-08,179.2900081000125
2021-07-09,178.04432369298488
2021-07-12,178.67361325276917
2021-07-13,181.77164411541577
2021-07-14,178.90126530926523
2021-07-15,179.3560231831856
2021-07-16,177.47939041859232
2021-07-19,180.85704433463405
2021-07-20,176.60859750812156
2021-07-21,175.02472967109375
2021-07-22,176.18767206372
2021-07-23,180.74657252814242
2021-07-26,180.61556850509555
2021-07-27,179.03605013291082
2021-07-28,184.65592809608944
2021-07-29,179.99783341333594
2021-07-30,172.78334705103273
2021-08-02,174.49879456344058
2021-08-03,172.75043569608548
2021-08-04,169.28188696422143
2021-08-05,171.80624178051022
2021-08-06,172.71364741191024
2021-08-09,170.91647872166862
2021-08-10,166.92075250668063
2021-08-11,169.82903027328518
2021-08-12,172.0334459028506
2021-08-13,171.78100224238756
2021-08-16,177.70996263776692
2021-08-17,174.03199330242364
2021-08-18,168.84815136342624
2021-08-19,166.45956631802636
2021-08-20,166.36873109406898
2021-08-23,167.24474367771643
2021-08-24,166.5374476424127
2021-08-25,167.6961490085766
2021-08-26,164.02970473954565
2021-08-27,168.53280710455314
2021-08-30,168.3324554514706
2021-08-31,171.94210075987263
2021-09-01,173.12851538820243
2021-09-02,174.65119374651394
2021-09-03,176.5020983954729
2021-09-06,177.95505185684857
2021-09-07,179.97838933725595
2021-09-08,184.08979717917353
2021-09-09,184.79154385848506
2021-09-10,187.0759917931119
2021-09-13,186.8729176495288
2021-09-14,191.31404504289316
2021-09-15,189.2215243831683
2021-09-16,195.04598322151372
2021-09-17,194.98173381516364
2021-09-20,190.230486466478
2021-09-21,190.75438448681453
2021-09-22,188.54384023849025
2021-09-23,191.4026723621558
2021-09-24,189.32535719890828
2021-09-27,187.96583927778087
2021-09-28,182.22762308289663
2021-09-29,180.7920215779388
2021-09-30,173.19836573324926
2021-10-01,167.55895485218213
2021-10-04,170.5076621902476
2021-10-05,173.55484381407817
2021-10-06,175.23466254267004
2021-10-07,171.78237611652236
2021-10-08,171.67929546010308
2021-10-11,171.73551985673484
2021-10-12,167.9928972321594
2021-10-13,173.11026603453485
2021-10-14,176.35599708273344
2021-10-15,175.62688763769717
2021-10-18,175.7907112810152
2021-10-19,176.5605256827661
2021-10-20,170.12524079739222
2021-10-21,169.32648915947468
2021-10-22,167.1104150726885
2021-10-25,163.93938150012053
2021-10-26,163.1043345466615
2021-10-27,168.81350652114983
2021-10-28,171.12573358522175
2021-10-29,169.2351738703083
2021-11-01,171.21824550445305
2021-11-02,175.94413917456714
2021-11-03,179.29300398450593
2021-11-04,179.57764040930104
2021-11-05,177.43880722257936
2021-11-08,179.8502512379529
2021-11-09,181.2332983393945
2021-11-10,184.23552460218346
2021-11-11,186.41249284660285
2021-11-12,189.95120654826027
2021-11-15,188.23379570580704
2021-11-16,192.6529626058926
2021-11-17,193.41390690434073
2021-11-18,200.5750340199891
2021-11-19,197.9649975553636
2021-11-22,204.76720229948114
2021-11-23,205.69349636921626
2021-11-24,203.11178355051675
2021-11-25,201.27614958477128
2021-11-26,200.13224382760333
2021-11-29,201.78262397183414
2021-11-30,203.7608163127924
2021-12-01,201.8095533666205
2021-12-02,201.80618801492216
2021-12-03,209.16703542218588
2021-12-06,216.18864443915547
2021-12-07,218.20834903856766
2021-12-08,218.45969263546027
2021-12-09,219.0465515140423
2021-12-10,221.61221456020678
2021-12-13,217.66622604716153
2021-12-14,216.7419046308185
2021-12-15,210.58914617531218
2021-12-16,212.26132234408922
2021-12-17,214.8686685505744
2021-12-20,213.10241981072335
2021-12-21,219.12619467119063
2021-12-22,214.28198018841437
2021-12-23,208.48088698909865
2021-12-24,209.49965201897382
2021-12-27,213.8435271751695
2021-12-28,221.0178992608855
2021-12-29,219.0067487622938
2021-12-30,223.91063595858867
2021-12-31,223.8248708269847
2022-01-03,223.1599701205702
2022-01-04,226.99697541293125
2022-01-05,229.8825624895674
2022-01-06,223.40114454184126
2022-01-07,230.03287849990372
2022-01-10,236.72871040465142
2022-01-11,233.69364044009777
2022-01-12,235.71657813657325
2022-01-13,238.16264416118722
2022-01-14,239.47334764361094
2022-01-17,237.09803129000298
2022-01-18,234.28172182613594
2022-01-19,234.26725916347732
2022-01-20,239.20116674236036
2022-01-21,241.62377954312115
2022-01-24,240.16683495971154
2022-01-25,243.41769806966136
2022-01-26,232.16446575867818
2022-01-27,237.95438220175885
2022-01-28,229.35454679354567
2022-01-31,227.53531526859035
2022-02-01,222.0268898281326
2022-02-02,215.74662759337778
2022-02-03,221.6909550847117
2022-02-04,219.3683324649965
2022-02-07,221.18227773182917
2022-02-08,221.04459597877204
2022-02-09,223.3508975278681
2022-02-10,223.7888738180853
2022-02-11,218.34250443888533
2022-02-14,222.84196826653965
2022-02-15,220.7279297703592
2022-02-16,214.19905677704838
2022-02-17,212.3954516823252
2022-02-18,218.9661065425516
2022-02-21,223.01153984962625
2022-02-22,221.484575100957
2022-02-23,220.02012552287664
2022-02-24,218.73423004010897
2022-02-25,227.54417895507584
2022-02-28,229.4891685139289
2022-03-01,231.61618540227838
2022-03-02,236.5042420789715
2022-03-03,237.7305848977903
2022-03-04,236.64164507258656
2022-03-07,235.87313113992425
2022-03-08,235.6642498561409
2022-03-09,235.6064771982422
2022-03-10,238.59028702028257
2022-03-11,238.8911644449126
2022-03-14,241.80963579040548
2022-03-15,241.59646862538165
2022-03-16,241.9859804155676
2022-03-17,234.95727278573622
2022-03-18,238.70005950343352
2022-03-21,240.19232096981534
2022-03-22,244.24437610732295
2022-03-23,232.93958590093604
2022-03-24,243.44071014959795
2022-03-25,242.73730979706772
2022-03-28,249.00002472367984
2022-03-29,243.25648466461996
2022-03-30,246.7913492120303
2022-03-31,241.1577213330382
2022-04-01,237.90678513297183
2022-04-04,248.16411899941446
2022-04-05,247.12659328428487
2022-04-06,248.46970420663996
2022-04-07,253.41178346919168
2022-04-08,256.2882091828801
2022-04-11,257.21346738441036
2022-04-12,259.24608187665973
2022-04-13,271.9835455280493
2022-04-14,271.7271225189453
2022-04-15,273.0600535302904
2022-04-18,279.40131391105706
2022-04-19,286.2607377709654
2022-04-20,293.8769083004805
2022-04-21,298.18320778325176
2022-04-22,291.0205060770338
2022-04-25,301.74032062300574
2022-04-26,293.896737676625
2022-04-27,296.121512907812
2022-04-28,291.21119362751085
2022-04-29,290.9113714357981
2022-05-02,293.0817183060347
2022-05-03,295.14970137205063
2022-05-04,297.75966569344615
2022-05-05,307.3050274298325
2022-05-06,310.30934132562584
2022-05-09,308.92555396062653
2022-05-10,314.8327670402118
2022-05-11,322.2518474004038
2022-05-12,314.70559860669556
2022-05-13,318.6308226603737
2022-05-16,323.1705148104042
2022-05-17,321.4519689483113
2022-05-18,329.9230222589665
2022-05-19,329.09809593910285
2022-05-20,330.00151322441144
2022-05-23,329.1077700245292
2022-05-24,329.32855182228974
2022-05-25,323.45495904639927
2022-05-26,315.73889911683375
2022-05-27,324.99930748980034
2022-05-30,319.92708414055613
2022-05-31,314.1137176680283
2022-06-01,301.6658450680607
2022-06-02,297.64789114156156
2022-06-03,289.56564011246434
2022-06-06,300.2183299184044
2022-06-07,307.45758209072415
2022-06-08,302.70877023304223
2022-06-09,318.7095502512219
2022-06-10,327.1195196163871
2022-06-13,324.49673023399015
2022-06-14,304.96653237296965
2022-06-15,326.60020683536015
2022-06-16,311.51729582877516
2022-06-17,294.0189000642226
2022-06-20,305.6399365440384
2022-06-21,334.9280344099208
2022-06-22,356.0656820670968
2022-06-23,365.40157518675875
2022-06-24,375.1475831221048
2022-06-27,389.0309999595492
2022-06-28,401.5922815509821
2022-06-29,406.33602916732326
2022-06-30,408.1340704206918
2022-07-01,407.3602423935128
2022-07-04,396.9170860512048
2022-07-05,393.28745137306686
2022-07-06,372.27493520320616
2022-07-07,371.1493115485793
2022-07-08,359.2960205197697
2022-07-11,346.5757542220134
2022-07-12,348.78715586019786
2022-07-13,364.6360839385339
2022-07-14,375.88433381354537
2022-07-15,357.45307233084134
2022-07-18,345.78134247248363
2022-07-19,357.07203489182547
2022-07-20,345.6889667240181
2022-07-21,343.2614840082841
2022-07-22,349.43500778025896
2022-07-25,339.36232282880906
2022-07-26,340.5873386151585
2022-07-27,327.7826556728376
2022-07-28,322.0892216821791
2022-07-29,325.20945375983956
2022-08-01,311.28599727600204
2022-08-02,315.45335374822463
2022-08-03,315.4048615077787
2022-08-04,320.2620477213937
2022-08-05,322.2674562609927
2022-08-08,333.58468335545547
2022-08-09,334.7983406177508
2022-08-10,331.39828463901154
2022-08-11,332.4987591424543
2022-08-12,336.7866840492036
2022-08-15,337.28683606774047
2022-08-16,337.713436270133
2022-08-17,333.0353682077196
2022-08-18,328.76699479885684
2022-08-19,319.9542828553509
2022-08-22,331.7470887204464
2022-08-23,322.8735521276486
2022-08-24,317.9835731212044
2022-08-25,313.0951242902382
2022-08-26,319.3609772142282
2022-08-29,317.46589463051674
2022-08-30,325.92330314730566
2022-08-31,321.4225670646099
2022-09-01,323.42210186627676
2022-09-02,318.17841313481944
2022-09-05,332.1540144450905
2022-09-06,323.49522510209124
2022-09-07,325.933143609962
2022-09-08,330.6595269563076
2022-09-09,333.755577826957
2022-09-12,332.6019610120191
2022-09-13,331.8697744230689
2022-09-14,332.2834369040412
2022-09-15,331.50945291575454
2022-09-16,337.4231635762087
2022-09-19,351.2429207560972
2022-09-20,347.3576926853071
2022-09-21,338.04672669574524
2022-09-22,337.5595595065687
2022-09-23,355.6242768045535
2022-09-26,348.9118151950096
2022-09-27,362.9532896150793
2022-09-28,378.8784006621452
2022-09-29,373.38978002322403
2022-09-30,379.15614258021026
2022-10-03,395.3500361605451
2022-10-04,391.4784384920238
2022-10-05,389.568971616664
2022-10-06,384.1216631612795
2022-10-07,374.96166019577043
2022-10-10,369.2703796222972
2022-10-11,358.91291960497307
2022-10-12,359.35049846137247
2022-10-13,353.18387531725807
2022-10-14,355.1977256421375
2022-10-17,343.52534350408376
2022-10-18,346.28199726153355
2022-10-19,352.86170708892274
2022-10-20,337.96464124922386
2022-10-21,341.1877239315488
2022-10-24,351.2784848689519
2022-10-25,341.41902485128674
2022-10-26,355.70880601845744
2022-10-27,359.73820030402806
2022-10-28,353.5973927806344
2022-10-31,353.2572352620335
2022-11-01,358.0448607902635
2022-11-02,358.807190122975
2022-11-03,363.18962536694596
2022-11-04,356.3202219076043
2022-11-07,357.73706778968784
2022-11-08,347.7739821426532
2022-11-09,347.09761646464995
2022-11-10,340.9306698826289
2022-11-11,336.04436788090396
2022-11-14,344.52676128064496
2022-11-15,352.38948068756724
2022-11-16,356.96195889191165
2022-11-17,349.3784067971679
2022-11-18,347.28828589521606
2022-11-21,355.75798162506845
2022-11-22,356.9083371098506
2022-11-23,373.32099300044126
2022-11-24,376.77291820200907
2022-11-25,378.4914617922893
2022-11-28,376.218499702514
2022-11-29,377.3779980857797
2022-11-30,376.4199419176654
2022-12-01,381.56170072568085
2022-12-02,388.45786804887007
2022-12-05,383.05376833702053
2022-12-06,374.0635276975721
2022-12-07,361.5261425782623
2022-12-08,365.4680353276493
2022-12-09,357.64257351657415
2022-12-12,342.5577786867225
2022-12-13,345.7703412987421
2022-12-14,365.57902653820076
2022-12-15,365.6666463070459
2022-12-16,373.64264148070015
2022-12-19,374.5545204288989
2022-12-20,373.8220452560935
2022-12-21,381.90702865038344
2022-12-22,379.5512685358754
2022-12-23,381.92702802861527
2022-12-26,384.6727714488664
2022-12-27,379.64661890059534
2022-12-28,387.36131716397335
2022-12-29,386.1683858989229
2022-12-30,380.7630127511637
2023-01-02,384.8015275417203
2023-01-03,378.62682620223705
2023-01-04,378.9747034113735
2023-01-05,379.06501449598954
2023-01-06,386.33223165926984
2023-01-09,389.68514731955815
2023-01-10,389.67588545040246
2023-01-11,395.08622434231626
2023-01-12,404.301150217828
2023-01-13,408.32388395679
2023-01-16,408.5578008460945
2023-01-17,400.1587465053561
2023-01-18,393.24364853213314
2023-01-19,391.3695569028238
2023-01-20,387.6167501273446
2023-01-23,386.60000302180543
2023-01-24,387.0988514867623
2023-01-25,390.3904684813274
2023-01-26,390.1348229019529
2023-01-27,393.06316104312924
2023-01-30,393.58314059397316
2023-01-31,383.0511857622369
2023-02-01,377.6078715521881
2023-02-02,376.90257600484995
2023-02-03,370.14461772106256
2023-02-06,373.80548546572516
2023-02-07,382.93010165107285
2023-02-08,390.8475387306525
2023-02-09,389.5946966708131
2023-02-10,399.3896589618754
2023-02-13,400.5786974390688
2023-02-14,398.4847377787568
2023-02-15,394.68635575450685
2023-02-16,392.9376616675459
2023-02-17,390.7265081947822
2023-02-20,391.8966730517412
2023-02-21,392.98508840216533
2023-02-22,393.15954698252153
2023-02-23,395.7324973631227
2023-02-24,402.43717213682925
2023-02-27,408.0721752317372
2023-02-28,399.61376988040945
2023-03-01,384.5071288040694
2023-03-02,391.3499647694371
2023-03-03,381.759503214906
2023-03-06,380.2712396815156
2023-03-07,372.28200900465475
2023-03-08,359.9972987961124
2023-03-09,364.1685900157392
2023-03-10,369.88447222933763
2023-03-13,365.8542742881433
2023-03-14,348.2182069370819
2023-03-15,343.95954088882974
2023-03-16,347.154724865648
2023-03-17,336.27705072527436
2023-03-20,337.8221180433426
2023-03-21,337.843929960582
2023-03-22,342.1206880273265
2023-03-23,343.0970590884197
2023-03-24,336.7163179519486
2023-03-27,344.89322140288783
2023-03-28,343.9329280400287
2023-03-29,343.8886921773252
2023-03-30,338.09403513992265
2023-03-31,335.4485659564218
2023-04-03,330.2513204592682
2023-04-04,329.3544067332289
2023-04-05,339.4611309684084
2023-04-06,330.9385075922052
2023-04-07,320.7886157201546
2023-04-10,330.90161998886117
2023-04-11,329.52652040104346
2023-04-12,325.0662659212311
2023-04-13,332.21262242949587
2023-04-14,328.21871424518764
2023-04-17,340.6498209935202
2023-04-18,345.9026974783854
2023-04-19,342.4284135524135
2023-04-20,358.33491507697977
2023-04-21,353.35970139332403
2023-04-24,359.6148861935159
2023-04-25,362.20827244906127
2023-04-26,372.7953169995418
2023-04-27,386.2402260839465
2023-04-28,386.6877898700856
2023-05-01,380.2843482774803
2023-05-02,384.35739072382813
2023-05-03,378.9289135317929
2023-05-04,395.55014741679173
2023-05-05,396.9847201378717
2023-05-08,393.87587313540627
2023-05-09,395.6239491828369
2023-05-10,384.76109666136904
2023-05-11,376.89737244192764
2023-05-12,386.9665327862389
2023-05-15,381.56123655213725
2023-05-16,373.2088619418877
2023-05-17,377.715866318105
2023-05-18,387.4001337563984
2023-05-19,393.55815651380607
2023-05-22,402.03072853902745
2023-05-23,395.8488588156568
2023-05-24,384.5379502031492
2023-05-25,397.3312083836233
2023-05-26,394.60160810594743
2023-05-29,392.6094237790872
2023-05-30,403.8507578456318
2023-05-31,408.8984815148954
2023-06-01,413.00135546954607
2023-06-02,431.79928424306246
2023-06-05,425.5648095011
2023-06-06,434.7782972482356
2023-06-07,435.51108771114224
2023-06-08,438.2205181076605
2023-06-09,452.55755410778596
2023-06-12,457.80530068296594
2023-06-13,463.2607289844075
2023-06-14,473.83669275031696
2023-06-15,470.43596980372513
2023-06-16,462.74056280391426
2023-06-19,453.38202134363763
2023-06-20,436.0189678026388
2023-06-21,456.6484507356668
2023-06-22,444.4029875406896
2023-06-23,442.111994031877
2023-06-26,439.3436488611418
2023-06-27,442.66417311197813
2023-06-28,450.97790801328483
2023-06-29,459.78810634780626
2023-06-30,454.16315460488204
2023-07-03,452.7360548589802
2023-07-04,455.5366002009595
2023-07-05,453.4933865833192
2023-07-06,467.73668672814614
2023-07-07,472.5938740638636
2023-07-10,479.65946961675184
2023-07-11,486.0438901103291
2023-07-12,497.18454572044243
2023-07-13,499.12673846741853
2023-07-14,487.4053358450868
2023-07-17,491.3593611553734
2023-07-18,485.6278583485961
2023-07-19,481.1508711360795
2023-07-20,486.40387155431245
2023-07-21,497.2371969077025
2023-07-24,497.6260347711775
2023-07-25,500.4942654156056
2023-07-26,515.215996039629
2023-07-27,517.6787896385976
2023-07-28,542.0755475513063
2023-07-31,548.8648887952722
2023-08-01,529.3970631841811
2023-08-02,538.639262216395
2023-08-03,543.4026273487073
2023-08-04,558.7533601268412
2023-08-07,567.2665974053878
2023-08-08,565.8149974814072
2023-08-09,551.9719283760779
2023-08-10,549.7740211233307
2023-08-11,540.620153627368
2023-08-14,534.5833146002708
2023-08-15,540.9847502581284
2023-08-16,558.7305437291623
2023-08-17,563.4892375291115
2023-08-18,550.5154459631924
2023-08-21,555.7050016751999
2023-08-22,569.1142553476893
2023-08-23,562.4456983487229
2023-08-24,561.2000788851043
2023-08-25,561.5797263171874
2023-08-28,553.8700929969303
2023-08-29,560.5723912823357
2023-08-30,559.6029819353389
2023-08-31,563.8387590559051
2023-09-01,555.8263381788511
2023-09-04,552.032051059347
2023-09-05,558.7405480610737
2023-09-06,555.6385590181184
2023-09-07,571.0407437741108
2023-09-08,567.4137724529743
2023-09-11,569.7484549573581
2023-09-12,578.5446008146163
2023-09-13,565.7346120972556
2023-09-14,549.415815304158
2023-09-15,534.4786894979408
2023-09-18,547.925248493999
2023-09-19,542.1635187147256
2023-09-20,569.9390639843721
2023-09-21,562.7104647727166
2023-09-22,565.2953096405314
2023-09-25,584.8259880494156
2023-09-26,612.6211142829809
2023-09-27,646.0274460766329
2023-09-28,669.0431410673744
2023-09-29,689.5223288446074
2023-10-02,701.7492914586675
2023-10-03,717.5574587255815
2023-10-04,707.0245220925591
2023-10-05,692.0349317889786
2023-10-06,692.2504943038333
2023-10-09,689.5759056190954
2023-10-10,682.3736399548984
2023-10-11,693.7834667379249
2023-10-12,709.3011410164548
2023-10-13,711.0071866386073
2023-10-16,734.4950341729756
2023-10-17,715.9552330842996
2023-10-18,713.0571190681449
2023-10-19,702.1343086089101
2023-10-20,674.5776442922423
2023-10-23,673.5246179862501
2023-10-24,671.9310262331393
2023-10-25,694.7689041866633
2023-10-26,705.1730899126682
2023-10-27,689.4842337752169
2023-10-30,719.0134474825536
2023-10-31,741.1342412945978
2023-11-01,752.2664892832502
2023-11-02,748.4528016966234
2023-11-03,732.2465384115239
2023-11-06,726.2567616839802
2023-11-07,744.4148521242736
2023-11-08,776.9410236200345
2023-11-09,807.4088836022182
2023-11-10,797.5493438013438
2023-11-13,775.7756645473945
2023-11-14,778.8553377011254
2023-11-15,746.5071597447421
2023-11-16,753.1461502132354
2023-11-17,750.6576640590924
2023-11-20,742.5797143092714
2023-11-21,715.8101422381609
2023-11-22,725.2208336385567
2023-11-23,716.3441474670294
2023-11-24,697.4857135167396
2023-11-27,652.2784605622852
2023-11-28,652.0102781260956
2023-11-29,685.6369854917549
2023-11-30,721.4035128176614
2023-12-01,711.1133673089962
2023-12-04,698.2014702812035
2023-12-05,708.4178609358972
2023-12-06,688.4495669141174
2023-12-07,694.7616929090879
2023-12-08,709.9596577607077
2023-12-11,734.3137504560458
2023-12-12,732.5781175890975
2023-12-13,728.940281404155
2023-12-14,713.2150192658836
2023-12-15,698.8984990061795
2023-12-18,695.2876763776158
2023-12-19,701.6324839783958
2023-12-20,716.6743189929964
2023-12-21,704.0525306609873
2023-12-22,728.1653348265195
2023-12-25,723.8570373016784
2023-12-26,723.7991970622938
2023-12-27,712.5272513694702
2023-12-28,677.1459093800341
2023-12-29,692.5466678997858
2024-01-01,705.5572199353197
2024-01-02,701.0474731893422
2024-01-03,702.4220188995687
2024-01-04,710.8362156941458
2024-01-05,687.4761913948323
2024-01-08,679.4805017159417
2024-01-09,691.838840817568
2024-01-10,673.3938661029987
2024-01-11,678.1014341496791
2024-01-12,658.8411671051066
2024-01-15,665.9848522579088
2024-01-16,665.7395850474303
2024-01-17,644.1119691146838
2024-01-18,661.1095429404259
2024-01-19,650.6098274750277
2024-01-22,639.410477197495
2024-01-23,642.4472698169857
2024-01-24,658.2426478144091
2024-01-25,644.5460619153384
2024-01-26,645.6455086342652
2024-01-29,651.5544120641482
2024-01-30,660.7681592415596
2024-01-31,663.2906059575523
2024-02-01,659.0339038621186
2024-02-02,649.5169093146678
2024-02-05,650.7810478611536
2024-02-06,639.0738032277454
2024-02-07,607.4253740401763
2024-02-08,613.6052701996512
2024-02-09,625.9197297531952
2024-02-12,595.2965482109558
2024-02-13,580.6706585553313
2024-02-14,589.9651262514765
2024-02-15,620.4921947222263
2024-02-16,621.092362869684
2024-02-19,609.6677804356107
2024-02-20,607.0752114991769
2024-02-21,628.0552449630603
2024-02-22,618.1466823727955
2024-02-23,606.3616428391899
2024-02-26,599.5631495386177
2024-02-27,586.5734686622985
2024-02-28,588.4870107981906
2024-02-29,610.4770011421479
2024-03-01,615.42625504461
2024-03-04,612.1311088048246
2024-03-05,608.4614535115627
2024-03-06,588.8955609648999
2024-03-07,600.8889112341444
2024-03-08,600.0924666755305
2024-03-11,598.0310680130953
2024-03-12,638.6716835621617
2024-03-13,644.1003156169593
2024-03-14,631.9318441985004
2024-03-15,625.380618883892
2024-03-18,643.4669693486189
2024-03-19,645.5313674885182
2024-03-20,624.1452973386581
2024-03-21,638.7162680693024
2024-03-22,628.6090591141033
2024-03-25,657.6340984661945
2024-03-26,676.7382753966633
2024-03-27,669.1068590607971
2024-03-28,691.4407793649441
2024-03-29,692.9343988463567
2024-04-01,708.0184622727445
2024-04-02,716.7515026434072
2024-04-03,702.8207399151743
2024-04-04,692.6077608867857
2024-04-05,709.3433644254492
2024-04-08,704.2218954827254
2024-04-09,698.2740789142183
2024-04-10,684.5105810966072
2024-04-11,690.964521110097
2024-04-12,721.1333473505895
2024-04-15,703.8660267353323
2024-04-16,704.5432591426963
2024-04-17,727.3016750376382
2024-04-18,726.2554177373555
2024-04-19,733.861295300397
2024-04-22,717.6257956784079
2024-04-23,724.574048437773
2024-04-24,722.0391832410196
2024-04-25,736.7639643737856
2024-04-26,754.8614761545676
2024-04-29,796.2817011086314
2024-04-30,808.106664589833
2024-05-01,814.7836057766465
2024-05-02,818.7811152308769
2024-05-03,812.7125932460908
2024-05-06,818.950966446729
2024-05-07,814.294455572179
2024-05-08,817.3592507962561
2024-05-09,838.6239468845841
2024-05-10,822.3943474486467
2024-05-13,841.5771602871765
2024-05-14,864.5754416433695
2024-05-15,862.8003484394818
2024-05-16,827.2967301801606
2024-05-17,816.3046774450384
2024-05-20,840.3545744211509
2024-05-21,840.2548947459721
2024-05-22,822.5207364251133
2024-05-23,813.8619827912191
2024-05-24,828.766151671865
2024-05-27,838.6208329206324
2024-05-28,834.8918130163846
2024-05-29,829.2457368802135
2024-05-30,823.4384939809013
2024-05-31,809.9171863434874
2024-06-03,834.6337385491804
2024-06-04,829.7117295196932
2024-06-05,849.398259447849
2024-06-06,875.153071252237
2024-06-07,893.5392962195191
2024-06-10,886.0361475054849
2024-06-11,893.514624320709
2024-06-12,893.4567743966326
2024-06-13,878.9991871138394
2024-06-14,884.6275325314889
2024-06-17,866.5386409678845
2024-06-18,885.8677577366678
2024-06-19,878.5862345243902
2024-06-20,882.146671848435
2024-06-21,886.8868771346076
2024-06-24,883.3534982865917
2024-06-25,892.2758486882276
2024-06-26,885.8114058404946
2024-06-27,898.4471863868566
2024-06-28,879.8900530129565
2024-07-01,882.0751920298645
2024-07-02,910.1340732297386
2024-07-03,894.4694063830295
2024-07-04,884.0613639773516
2024-07-05,892.438012511865
2024-07-08,895.5504108631046
2024-07-09,901.1403150768213
2024-07-10,908.6521309477055
2024-07-11,918.1804999155927
2024-07-12,934.5710654689019
2024-07-15,941.0533531682204
2024-07-16,937.9130648801429
2024-07-17,947.8594769363955
2024-07-18,975.537375877904
2024-07-19,973.7823300104662
2024-07-22,959.0371401511902
2024-07-23,976.7667757514075
2024-07-24,975.221440179109
2024-07-25,942.3682142211438
2024-07-26,957.4883011866874
2024-07-29,948.5869982751052
2024-07-30,947.4416640819123
2024-07-31,953.2329998545968
2024-08-01,956.6445823069195
2024-08-02,968.0471713331068
2024-08-05,961.7249217824502
2024-08-06,969.8399570204573
2024-08-07,966.3831332214353
2024-08-08,977.4684260903819
2024-08-09,986.8133958657252
2024-08-12,973.7875852785567
2024-08-13,989.9119367094668
2024-08-14,982.3528526133996
2024-08-15,994.5686478875723
2024-08-16,1000.3837317948065
2024-08-19,1027.739353594604
2024-08-20,1024.4905731501274
2024-08-21,1019.3666375810684
2024-08-22,1019.4751298234382
2024-08-23,1015.3519484969357
2024-08-26,1027.4792381719265
2024-08-27,1004.3381758175605
2024-08-28,988.5367096331295
2024-08-29,972.526788743939
2024-08-30,987.741624223018
2024-09-02,1015.5683254470052
2024-09-03,1014.1364545388332
2024-09-04,1011.6761436198431
2024-09-05,1013.2321172560177
2024-09-06,1032.3217801328244
2024-09-09,1017.4332963468736
2024-09-10,1021.7677295562964
2024-09-11,1037.9346428128092
2024-09-12,1046.6130284192773
2024-09-13,1050.1128229911442
2024-09-16,1066.4936024016993
2024-09-17,1023.8470744960104
2024-09-18,1037.4226842451253
2024-09-19,1025.3495999450433
2024-09-20,992.2077803534369
2024-09-23,1002.7474279690464
2024-09-24,1030.1627070829181
2024-09-25,1027.7341367527117
2024-09-26,1047.256203404079
2024-09-27,1080.8268561498885
2024-09-30,1110.9227607029663
2024-10-01,1150.70579744107
2024-10-02,1170.6544017467359
2024-10-03,1173.086053157533
2024-10-04,1134.1742520575294
2024-10-07,1128.3294928339974
2024-10-08,1108.2663963958773
2024-10-09,1161.7120279850574
2024-10-10,1157.176901648203
2024-10-11,1160.996545216798
2024-10-14,1175.9839381117479
2024-10-15,1177.5779927691167
2024-10-16,1220.7603253258865
2024-10-17,1204.2168376392603
2024-10-18,1209.865685686255
2024-10-21,1191.5032720827899
2024-10-22,1159.7286224094314
2024-10-23,1145.0886292612156
2024-10-24,1144.6605136987994
2024-10-25,1135.2914648869955
2024-10-28,1120.5448332231272
2024-10-29,1091.2619956772996
2024-10-30,1089.893261654261
2024-10-31,1059.3408235024583
2024-11-01,1076.1389880312772
2024-11-04,1078.3350465273822
2024-11-05,1049.1098884743362
2024-11-06,1043.0481523159451
2024-11-07,1028.3910533156688
2024-11-08,1035.0848178180336
2024-11-11,1061.427170947682
2024-11-12,1024.469886280921
2024-11-13,1027.359833619365
2024-11-14,1024.4525802796777
2024-11-15,1038.324857759793
2024-11-18,1042.9723430948318
2024-11-19,1029.0501535601447
2024-11-20,1023.5113533671453
2024-11-21,1009.6747936833613
2024-11-22,1029.2241375556807
2024-11-25,1030.023749344027
2024-11-26,1064.406228238848
2024-11-27,1063.6138220291846
2024-11-28,1050.4216115438453
2024-11-29,1022.7332192114275
2024-12-02,988.8458027749728
2024-12-03,957.4643387623328
2024-12-04,963.45546153395
2024-12-05,974.2114860377469
2024-12-06,943.6179594289441
2024-12-09,962.4761619385076
2024-12-10,952.9115789896808
2024-12-11,956.2151170377081
2024-12-12,988.0263792776458
2024-12-13,1007.5216493033196
2024-12-16,1002.2046186185135
2024-12-17,984.5273497805425
2024-12-18,942.8452453095751
2024-12-19,927.6915614270061
2024-12-20,923.640712350085
2024-12-23,904.3958061015909
2024-12-24,902.1813134727134
2024-12-25,903.9908089134276
2024-12-26,900.2840118902484
2024-12-27,889.4007801244189
2024-12-30,892.6035865930211
2024-12-31,900.1991659306394
2025-01-01,883.2832180401939
2025-01-02,906.3665381530591
2025-01-03,905.0506291471074
2025-01-06,905.721950997631
2025-01-07,917.3676779989804
2025-01-08,921.4312088825047
2025-01-09,936.584076934151
2025-01-10,941.4797825991565
2025-01-13,932.5164214402866
2025-01-14,938.3039003581573
2025-01-15,922.0810159204417
2025-01-16,924.0487173069695
2025-01-17,923.9433901358497
2025-01-20,921.4298566784555
2025-01-21,920.068486011107
2025-01-22,896.114277123184
2025-01-23,888.7341401204229
2025-01-24,890.3712762309882
2025-01-27,892.8743583589736
2025-01-28,879.8859471214317
2025-01-29,896.9666352465583
2025-01-30,885.4277014754341
2025-01-31,899.1286864406493
2025-02-03,905.4868514455956
2025-02-04,896.9879717336571
2025-02-05,921.6178712198149
2025-02-06,904.0672037604301
2025-02-07,918.5512737637708
2025-02-10,934.5711891601504
2025-02-11,924.3418091355462
2025-02-12,946.5403026410066
2025-02-13,942.7846740124854
2025-02-14,947.7870427432028
2025-02-17,952.2332522111342
2025-02-18,950.5742329850312
2025-02-19,962.9661868245266
2025-02-20,975.2240844974191
2025-02-21,949.73127928949
2025-02-24,971.1011324269735
2025-02-25,943.8783816530963
2025-02-26,962.5997713945511
2025-02-27,983.5614120235961
2025-02-28,963.7230648897488
2025-03-03,956.5106094579502
2025-03-04,937.334489246671
2025-03-05,933.903624055442
2025-03-06,929.0356637465524
2025-03-07,942.3112323766424
2025-03-10,964.5704694881977
2025-03-11,989.6643560143302
2025-03-12,979.6072680471782
2025-03-13,976.226634484574
2025-03-14,947.7773747262469
2025-03-17,933.6266653192748
2025-03-18,951.2460757036426
2025-03-19,981.2659219067544
2025-03-20,957.4384711468919
2025-03-21,946.1452410569175
2025-03-24,946.0192093357947
2025-03-25,951.5599399326884
2025-03-26,937.596973475478
2025-03-27,945.3887140200964
2025-03-28,937.7172459100722
2025-03-31,937.8542261589627
2025-04-01,946.9657280980953
2025-04-02,947.445661147134
2025-04-03,941.1998403135839
2025-04-04,939.9575941107042
2025-04-07,939.0687964241963
2025-04-08,934.3147018595472
2025-04-09,931.194012985976
2025-04-10,952.8489963327198
2025-04-11,961.3827682012684
2025-04-14,957.5305125240358
2025-04-15,967.6952582973479
2025-04-16,963.416145302358
2025-04-17,979.9419588799619
2025-04-18,985.630013089438
2025-04-21,984.5161098663494
2025-04-22,991.0608050850143
2025-04-23,970.3797496066848
2025-04-24,954.8482283295092
2025-04-25,938.2497691331506
2025-04-28,940.7010259273034
2025-04-29,965.8744812696696
2025-04-30,1002.1365131423321
2025-05-01,1014.6893798844682
2025-05-02,1024.5483206120462
2025-05-05,992.2061478255179
2025-05-06,982.0627030835719
2025-05-07,967.7315170509056
2025-05-08,956.7982646742117
2025-05-09,954.200216427325
2025-05-12,946.5486300204611
2025-05-13,914.799093695535
2025-05-14,928.5883086982742
2025-05-15,910.0358439166487
2025-05-16,914.6285863512497
2025-05-19,951.1635105544509
2025-05-20,933.2738210634238
2025-05-21,885.3705120626977
2025-05-22,879.3804138087694
2025-05-23,903.425925924179
2025-05-26,947.8538533945764
2025-05-27,917.3928104668413
2025-05-28,930.3148071718659
2025-05-29,919.3138075596993
2025-05-30,917.1997700484384
2025-06-02,978.758029288351
2025-06-03,936.4558535047174
2025-06-04,944.2281865596776
2025-06-05,957.8008854315076
2025-06-06,988.3910308784577
2025-06-09,991.5689880049825
2025-06-10,1000.3747063222743
2025-06-11,990.520806483829
2025-06-12,997.6912032244718
2025-06-13,989.8014201230347
2025-06-16,1004.6972981304101
2025-06-17,996.6699332382071
2025-06-18,1005.3659610196055
2025-06-19,1005.143936931355
2025-06-20,1028.884076946487
2025-06-23,1028.2047614081205
2025-06-24,993.0769204330051
2025-06-25,1020.8156734586972
2025-06-26,1001.044786462157
2025-06-27,987.2204790876461
2025-06-30,975.1145121497365
2025-07-01,1003.8595730362489
2025-07-02,958.9747995596032
2025-07-03,1036.031431652724
2025-07-04,1072.0584412355165
2025-07-07,1080.1699140603428
2025-07-08,1078.7905710375971
2025-07-09,1088.249661422634
2025-07-10,1104.6604952863474
2025-07-11,1124.5398321064579
2025-07-14,1141.5475974847138
2025-07-15,1144.6144255031304
2025-07-16,1139.573930238369
2025-07-17,1136.0024468541428
2025-07-18,1131.4971080734879
2025-07-21,1159.957668053004
2025-07-22,1175.5478635541315
2025-07-23,1104.7611896498972
2025-07-24,1124.9532173428906
2025-07-25,1131.1807465240727
2025-07-28,1131.1001952395325
2025-07-29,1121.0058279095276
2025-07-30,1151.1313873664294
2025-07-31,1177.4793970852415
2025-08-01,1156.8882320501423
2025-08-04,1168.211420272048
2025-08-05,1143.7898678427707
2025-08-06,1109.8722898565904
2025-08-07,1094.4957315654067
2025-08-08,1116.218543127674
2025-08-11,1140.4314071136894
2025-08-12,1153.8506512171168
2025-08-13,1172.336517748649
2025-08-14,1185.5751860032321
2025-08-15,1170.6415939319925
2025-08-18,1181.240220793605
2025-08-19,1200.1424080586833
2025-08-20,1218.06383947654
2025-08-21,1246.1821499206976
2025-08-22,1263.7898922620063
2025-08-25,1272.7325540771456
2025-08-26,1298.459849383341
2025-08-27,1298.3414020115065
2025-08-28,1278.5701133162595
2025-08-29,1275.3750094725003
2025-09-01,1259.64542760001
