Date,Return
2018-01-02,0.49671415301123245
2018-01-03,-0.13295480354599712
2018-01-04,0.5928170162913406
2018-01-05,1.3598717493509627
2018-01-08,-0.22368247922990128
2018-01-09,-0.2133965839095061
2018-01-10,1.3772997659230408
2018-01-11,0.7224631543970358
2018-01-12,-0.4342306573459431
2018-01-15,0.4840735930566802
2018-01-16,-0.40134612778628814
2018-01-17,-0.3906732504470144
2018-01-18,0.19707210825760427
2018-01-19,-1.5037788674798813
2018-01-22,-1.5439895531511512
2018-01-23,-0.5536255559654918
2018-01-24,-0.9633421897204018
2018-01-25,0.3000637229077256
2018-01-26,-0.8292430755978523
2018-01-29,-1.2848620198392815
2018-01-30,1.404735349942797
2018-01-31,-0.22893128093223677
2018-02-01,0.06509251684117025
2018-02-02,-1.3059679847625933
2018-02-05,-0.5263185438864054
2018-02-06,0.10359398979934119
2018-02-07,-1.0246205500431047
2018-02-08,0.34198433742840384
2018-02-09,-0.5256836401202332
2018-02-12,-0.24900545109020897
2018-02-13,-0.49457806604812504
2018-02-14,1.4919001256523339
2018-02-15,-0.012252038595378798
2018-02-16,-0.9162584679590953
2018-02-19,0.7226264024522258
2018-02-20,-1.063083832654041
2018-02-21,0.18769051975547635
2018-02-22,-1.685685504641591
2018-02-23,-1.3034432646255558
2018-02-26,0.20061716122717535
2018-02-27,0.7147381919530691
2018-02-28,0.1623336468402898
2018-03-01,-0.10442807983824179
2018-03-02,-0.25974577069646543
2018-03-05,-1.2275121668698716
2018-03-06,-0.6384198791537861
2018-03-07,-0.40140117052198176
2018-03-08,0.8917196059021905
2018-03-09,0.2944580187066449
2018-03-12,-1.456889277149597
2018-03-13,0.2975012540994277
2018-03-14,-0.33903174005717374
2018-03-15,-0.5745283066348129
2018-03-16,0.510047313494125
2018-03-19,0.842035169974545
2018-03-20,0.7723874890897175
2018-03-21,-0.6993015667839495
2018-03-22,-0.2566838540633635
2018-03-23,0.26549171054129383
2018-03-26,0.7575564747898728
2018-03-27,-0.3772901262928696
2018-03-28,-0.1427524536079115
2018-03-29,-0.8238733190669931
2018-03-30,-0.9182408802621337
2018-04-02,0.6475685900494615
2018-04-03,1.078051299324003
2018-04-04,-0.06038905310716124
2018-04-05,0.8079244961788715
2018-04-06,0.29517237668766877
2018-04-09,-0.5100066979964073
2018-04-10,0.28162197442770914
2018-04-11,1.165354158102498
2018-04-12,-0.0294075790252873
2018-04-13,1.2347836478685423
2018-04-16,-2.2411483850122065
2018-04-17,0.890674111048712
2018-04-18,0.09243096882619335
2018-04-19,-0.3003873403327092
2018-04-20,0.08786482538923426
2018-04-23,-1.8108991113311017
2018-04-24,-0.22866385611699036
2018-04-25,0.352844591277258
2018-04-26,1.3960068797706946
2018-04-27,-0.5191245168830861
2018-04-30,-0.7795796829063834
2018-05-01,-0.4762900745093099
2018-05-02,0.8382756841210665
2018-05-03,0.3000603594177464
2018-05-04,-0.46399108520856336
2018-05-07,0.4366022851271345
2018-05-08,0.08029330847479059
2018-05-09,0.7701377796966449
2018-05-10,-0.5645411359190163
2018-05-11,-0.26038327086110974
2018-05-14,-0.30209007201424753
2018-05-15,-1.0987555361653851
2018-05-16,0.23870802972997338
2018-05-17,0.20356472046008706
2018-05-18,0.0038639171442443744
2018-05-21,-0.17164032225991266
2018-05-22,-1.008778763572773
2018-05-23,-0.3213331763170046
2018-05-24,-0.25562553267245447
2018-05-25,-0.5837507993590461
2018-05-28,-0.11786988470737085
2018-05-29,0.287235911551897
2018-05-30,1.3173775653376676
2018-05-31,0.13946436424407543
2018-06-01,0.19856526262277013
2018-06-04,-0.055669751918928916
2018-06-05,-1.3911006502939764
2018-06-06,-0.02202873719963003
2018-06-07,0.04806342997756774
2018-06-08,1.8944688559968101
2018-06-11,-0.183670290438455
2018-06-12,0.2744419061770654
2018-06-13,-0.030292664779729868
2018-06-14,-0.9759991150755998
2018-06-15,0.9818201392958198
2018-06-18,0.6614313775256362
2018-06-19,0.6857168897761471
2018-06-20,-0.7800379528480509
2018-06-21,1.203658127880493
2018-06-22,-1.2699576915997906
2018-06-25,0.5594748195994311
2018-06-26,2.024046318678186
2018-06-27,-1.0784720026173722
2018-06-28,-0.6135720418069326
2018-06-29,0.10382342432715723
2018-07-02,-0.49682128523081065
2018-07-03,-1.473018406748151
2018-07-04,0.06971835907394418
2018-07-05,-1.0241042374167773
2018-07-06,0.4603473342919117
2018-07-09,-0.8597046395412746
2018-07-10,1.4432500849534904
2018-07-11,-0.7814146518747606
2018-07-12,-0.3150734448092358
2018-07-13,0.7602973710275185
2018-07-16,-1.1349542820776863
2018-07-17,0.21596809156535007
2018-07-18,1.1843504155316746
2018-07-19,-1.514853491161655
2018-07-20,0.18777722971908964
2018-07-23,0.2509874124335234
2018-07-24,0.7204263269841907
2018-07-25,-1.1225914380133708
2018-07-26,-1.2359623012288832
2018-07-27,0.5080451286205178
2018-07-30,0.2787785901515154
2018-07-31,0.22499094760088043
2018-08-01,0.2981871301364596
2018-08-02,-0.5642860584635738
2018-08-03,0.1896999394829885
2018-08-06,0.23088779433592388
2018-08-07,-0.5453873787088065
2018-08-08,1.415040761173051
2018-08-09,0.4073736579930777
2018-08-10,-0.9930620068411508
2018-08-13,0.5645073029151644
2018-08-14,-0.8214202114219624
2018-08-15,0.6684091777480519
2018-08-16,0.9746520874295281
2018-08-17,-0.7090812539417503
2018-08-20,0.8258230880481767
2018-08-21,0.3557580772084049
2018-08-22,0.6848476840183206
2018-08-23,1.5719717829080497
2018-08-24,-0.23031416947112043
2018-08-27,-0.6758801634895774
2018-08-28,-0.7851705410001766
2018-08-29,-0.7176943182708274
2018-08-30,-0.06718685038176431
2018-08-31,0.2845904329166597
2018-09-03,0.22300856450676437
2018-09-04,0.6445360631421752
2018-09-05,0.010134924357317256
2018-09-06,1.0940027407112534
2018-09-07,-0.21356907808731784
2018-09-10,2.1211673415065326
2018-09-11,0.6309010312310535
2018-09-12,-0.8372474931936056
2018-09-13,-1.033324881459376
2018-09-14,0.4698064985764194
2018-09-17,-0.2093917882424223
2018-09-18,0.6389044505173896
2018-09-19,0.415647783029376
2018-09-20,-0.061925375174169225
2018-09-21,-0.6904984787241913
2018-09-24,-1.2333329950770815
2018-09-25,-0.3906798147826046
2018-09-26,0.7246445292967448
2018-09-27,0.180536996396621
2018-09-28,-1.010267054151266
2018-10-01,0.14603751149116698
2018-10-02,0.31221765557488435
2018-10-03,-0.694730063990579
2018-10-04,0.12137655607518423
2018-10-05,0.044383121373758556
2018-10-08,-0.8432994427799448
2018-10-09,0.2733807823388766
2018-10-10,0.41729630898710435
2018-10-11,0.7944629552942994
2018-10-12,0.7959434015879784
2018-10-15,-1.0655959925112177
2018-10-16,-0.7688315499728267
2018-10-17,0.4248261358650507
2018-10-18,0.4130681523414882
2018-10-19,0.40439418548350736
2018-10-22,2.960233291902147
2018-10-23,0.68223235885265
2018-10-24,1.2999276299680131
2018-10-25,1.1013853377037628
2018-10-26,0.743906127917464
2018-10-29,-0.3473589911267518
2018-10-30,0.7938059330294951
2018-10-31,-0.7892031281201348
2018-11-01,-0.2366637651334899
2018-11-02,-0.4616033960357445
2018-11-05,0.07504443137708322
2018-11-06,2.0240609322849306
2018-11-07,-1.9669763246393301
2018-11-08,0.8062031600121518
2018-11-09,-1.8303320380520123
2018-11-12,-0.5741071180936225
2018-11-13,1.2609559331983378
2018-11-14,0.0746515514779552
2018-11-15,-1.1791234879540868
2018-11-16,-0.785684146089851
2018-11-19,0.7247284408951313
2018-11-20,-0.7552023308963626
2018-11-21,0.21816442762741262
2018-11-22,0.04366841738205386
2018-11-23,-0.5938752785144976
2018-11-26,1.9071912944002118
2018-11-27,0.6607293029976454
2018-11-28,-2.042358714699456
2018-11-29,0.21516184613797198
2018-11-30,-0.7208675579574049
2018-12-03,0.898299459023619
2018-12-04,-0.8215598172254193
2018-12-05,-0.11649719581894706
2018-12-06,0.4863752853391
2018-12-07,0.8038735862069217
2018-12-10,-1.1049593557690487
2018-12-11,-0.3159980829733072
2018-12-12,-0.42970077568872245
2018-12-13,-0.5711426201199123
2018-12-14,1.510693735308675
2018-12-17,0.3843283212372174
2018-12-18,-1.1489167222724006
2018-12-19,0.8648104237937
2018-12-20,1.9900473619506458
2018-12-21,1.127938971451066
2018-12-24,-1.6586167232633438
2018-12-25,-0.5601316666137318
2018-12-26,1.3986090669681412
2018-12-27,-0.8011100298802221
2018-12-28,0.4868812003740236
2018-12-31,0.8112051288249881
2019-01-01,-0.9488971552453253
2019-01-02,-0.06043524338800709
2019-01-03,-3.1199610967640172
2019-01-04,-1.3785467493714199
2019-01-07,-0.3369087347630277
2019-01-08,-1.5653682968718339
2019-01-09,2.0859023101343275
2019-01-10,-1.9572388792502151
2019-01-11,-0.6262095707473805
2019-01-14,0.1759200771212718
2019-01-15,1.8185536628940029
2019-01-16,-1.8907448744369912
2019-01-17,1.5954273928510831
2019-01-18,0.014119015878967087
2019-01-21,-1.2676905282779807
2019-01-22,0.5897283425999601
2019-01-23,0.24127507840436843
2019-01-24,-0.6855559903880869
2019-01-25,0.0766517312480412
2019-01-28,-0.39961176784135677
2019-01-29,0.11238921190426213
2019-01-30,0.622703014277865
2019-01-31,1.4540933454667806
2019-02-01,-1.222818381578587
2019-02-04,2.16380061804413
2019-02-05,-2.303878181807258
2019-02-06,-0.2016373174084676
2019-02-07,0.7334181754850095
2019-02-08,0.3354034452057539
2019-02-11,-0.7023851250223203
2019-02-12,-0.2261552083082625
2019-02-13,-0.5072867493610813
2019-02-14,-0.5821626366864598
2019-02-15,0.8119120662947072
2019-02-18,0.3372195140465653
2019-02-19,-0.6273501885578385
2019-02-20,0.7976164425352681
2019-02-21,0.27171639942484244
2019-02-22,0.6906610387168071
2019-02-25,0.5310363180774044
2019-02-26,-0.6850337092858275
2019-02-27,-0.46103361981464913
2019-02-28,0.6010937292050679
2019-03-01,0.4867978599055797
2019-03-04,-0.016382953821067227
2019-03-05,0.08875380720336112
2019-03-06,0.9364406584717464
2019-03-07,-0.45604829681216974
2019-03-08,0.4152014600575601
2019-03-11,-0.15087432070155757
2019-03-12,-0.15780867219036926
2019-03-13,0.7763415268297944
2019-03-14,0.6035156225409929
2019-03-15,0.5982671470006952
2019-03-18,0.9642021422596596
2019-03-19,0.01635935648585518
2019-03-20,0.5129063531431087
2019-03-21,-0.2315869389772647
2019-03-22,0.23575719532532993
2019-03-25,-0.09249723314483574
2019-03-26,0.06721675265233334
2019-03-27,0.40306054831515065
2019-03-28,-0.5525835922839094
2019-03-29,1.431742488809942
2019-04-01,-0.8129291124272628
2019-04-02,-0.9946801427370674
2019-04-03,0.9822688635292517
2019-04-04,0.6892291949347005
2019-04-05,0.5375301275704013
2019-04-08,0.5292291895873115
2019-04-09,-0.01010635180355018
2019-04-10,-0.7115278442598049
2019-04-11,0.06041373810415458
2019-04-12,-0.5202471043382306
2019-04-15,0.7418453951624058
2019-04-16,-0.11362440886692333
2019-04-17,-0.6170477198970696
2019-04-18,-0.2411464858914607
2019-04-19,0.3018540686301267
2019-04-22,-0.4038888642953448
2019-04-23,-0.5829283412581993
2019-04-24,0.17423574286880142
2019-04-25,0.17105158099305978
2019-04-26,-0.34656667497160926
2019-04-29,-0.3192201421349493
2019-04-30,0.15576233233455114
2019-05-01,-0.9555276736014029
2019-05-02,-1.0065109668755232
2019-05-03,-0.549972820411867
2019-05-06,-0.16232449594518833
2019-05-07,0.22936227480635993
2019-05-08,1.061697999959617
2019-05-09,0.6659422160469309
2019-05-10,-0.1245889737531736
2019-05-13,-0.014323397139304327
2019-05-14,-0.7314071392598196
2019-05-15,-0.013803365039535031
2019-05-16,-0.20866416301426532
2019-05-17,0.22785857205364313
2019-05-20,-0.572485780147428
2019-05-21,0.36349361952175296
2019-05-22,1.0614708095381182
2019-05-23,-0.08213606180897846
2019-05-24,0.29395234658549485
2019-05-27,0.4946842723271992
2019-05-28,-0.2868610885177446
2019-05-29,0.157301939353779
2019-05-30,0.008644839535685176
2019-05-31,0.06556765075270718
2019-06-03,-0.5089258370345782
2019-06-04,0.016338068497862592
2019-06-05,0.32568851960421136
2019-06-06,0.9450952247038523
2019-06-07,0.6782099219714637
2019-06-10,1.5539882608352373
2019-06-11,-0.6575197025336295
2019-06-12,0.7388151095056661
2019-06-13,0.1549555206926183
2019-06-14,1.7784238908779297
2019-06-17,-0.7781999141926565
2019-06-18,-0.7959374634289612
2019-06-19,-0.5613279250254634
2019-06-20,-1.93143483363016
2019-06-21,-0.5578890061530815
2019-06-24,-0.7734972383932259
2019-06-25,0.14981381351358192
2019-06-26,0.32344296198164324
2019-06-27,1.7008164820837905
2019-06-28,0.9682268207106353
2019-07-01,-0.5843234746688667
2019-07-02,-0.8784954202438613
2019-07-03,0.47690837248241547
2019-07-04,-1.2326061874746446
2019-07-05,1.7783485882054653
2019-07-08,1.2744881377387542
2019-07-09,-0.5150152839235765
2019-07-10,-1.7973485658442576
2019-07-11,1.548790100931653
2019-07-12,-0.1356339125295773
2019-07-15,1.3804546402622568
2019-07-16,-1.8163533767399935
2019-07-17,-0.7299102051579197
2019-07-18,0.006123752656255468
2019-07-19,0.05166279877666383
2019-07-22,-0.46731794400542975
2019-07-23,0.6191811778538115
2019-07-24,-1.0286646465835756
2019-07-25,-0.13840256165648174
2019-07-26,0.11123896041180201
2019-07-29,0.45377697527966243
2019-07-30,0.6088151010827767
2019-07-31,-0.9471210564390992
2019-08-01,-1.321960247867974
2019-08-02,1.1820542130694218
2019-08-05,0.3182687928331202
2019-08-06,-0.6859165671361876
2019-08-07,1.3967915239367936
2019-08-08,0.11181300136261002
2019-08-09,1.0843414310883772
2019-08-12,0.06356097637605358
2019-08-13,1.8474246108074261
2019-08-14,1.819490698060088
2019-08-15,-0.28324169571525576
2019-08-16,1.0455982608621512
2019-08-19,0.6902177358778716
2019-08-20,1.4156324609426498
2019-08-21,-1.0391578646437998
2019-08-22,0.7337229085001703
2019-08-23,1.0979420662130661
2019-08-26,-1.8321340234210437
2019-08-27,-1.35331622332802
2019-08-28,-2.3650058542910553
2019-08-29,-0.3566562347067221
2019-08-30,0.8940326135272062
2019-09-02,1.8087618492129225
2019-09-03,0.09399330880385366
2019-09-04,1.939851782855482
2019-09-05,-1.7631969734268713
2019-09-06,-2.2522531744778873
2019-09-09,-0.07940211485543205
2019-09-10,0.5134762452145533
2019-09-11,-0.041300150951001736
2019-09-12,-2.451905451966887
2019-09-13,-0.12110858444684502
2019-09-16,-1.6609189490416725
2019-09-17,0.8741371870623883
2019-09-18,0.4600323868916189
2019-09-19,-1.1159078751490101
2019-09-20,-0.6020647048700332
2019-09-23,-1.185689315167708
2019-09-24,-0.07023678965169858
2019-09-25,1.009849382316385
2019-09-26,-1.0348423477057753
2019-09-27,0.5271823078992348
2019-09-30,-0.5322722458429222
2019-10-01,-0.7665905718223271
2019-10-02,-0.10172661416488159
2019-10-03,-0.9368118465574425
2019-10-04,-0.5055549916914546
2019-10-07,-1.0608474457710413
2019-10-08,1.7890788708218202
2019-10-09,0.036560225490295646
2019-10-10,-0.6869414285519667
2019-10-11,0.2048418577843107
2019-10-14,-0.10252956897256019
2019-10-15,-0.19253877567979763
2019-10-16,0.5134997929663527
2019-10-17,0.6203060363041207
2019-10-18,-0.4304761995254983
2019-10-21,-0.4563943969224512
2019-10-22,-0.21390714810941097
2019-10-23,-1.7358800279712787
2019-10-24,-1.3843038354518002
2019-10-25,1.3330499307281873
2019-10-28,1.6744405254755246
2019-10-29,-0.27406490207279915
2019-10-30,0.6011009177291924
2019-10-31,0.3128089408628688
2019-11-01,2.9504613121274126
2019-11-04,1.4602168351635283
2019-11-05,-0.1672325468294227
2019-11-06,-1.1724668573061185
2019-11-07,-1.9458623772021926
2019-11-08,0.26338642193457434
2019-11-11,-0.920556119136946
2019-11-12,-1.6791506745447569
2019-11-13,-0.7962964823169046
2019-11-14,-1.2809145820245988
2019-11-15,2.000757309772363
2019-11-18,1.1310030479490971
2019-11-19,-0.01001112424932064
2019-11-20,1.744980677268291
2019-11-21,0.09589307778246313
2019-11-22,-1.003198768649561
2019-11-25,1.739183831898539
2019-11-26,0.6513302809935502
2019-11-27,-1.1980277108433215
2019-11-28,-0.21929991171990307
2019-11-29,-0.9524351393377928
2019-12-02,-1.480560778498469
2019-12-03,1.0328606975855368
2019-12-04,2.103632062446637
2019-12-05,-1.7266705642534563
2019-12-06,0.7217738250444385
2019-12-09,-0.7966783156661096
2019-12-10,-0.5738685682815807
2019-12-11,-0.6656481599188705
2019-12-12,-0.9335598835096653
2019-12-13,0.05156891726049314
2019-12-16,-0.8352528871315876
2019-12-17,0.26754596931106056
2019-12-18,-0.047366835392149635
2019-12-19,-0.21450033127500495
2019-12-20,-0.7804864214324301
2019-12-23,-0.4960053638489895
2019-12-24,0.6334560370750708
2019-12-25,0.41544753933874884
2019-12-26,-0.789306268735972
2019-12-27,0.08109133947280013
2019-12-30,0.590276893833754
2019-12-31,-1.303218784419667
2020-01-01,0.46673287888453724
2020-01-02,-0.5539734581158179
2020-01-03,0.4687228067285333
2020-01-06,-0.6132464492845439
2020-01-07,-1.4397481958239906
2020-01-08,-1.4540425181394376
2020-01-09,0.04661659763998179
2020-01-10,0.2393251973307669
2020-01-13,-0.7973697439023288
2020-01-14,0.5619691613745548
2020-01-15,-1.429138303184126
2020-01-16,-0.06209767817776406
2020-01-17,-1.0838605268704613
2020-01-20,-0.6003788853017553
2020-01-21,0.04258345803615648
2020-01-22,-0.7382784667504106
2020-01-23,-0.328636218623993
2020-01-24,0.8307685911676228
2020-01-27,-0.48209434910389315
2020-01-28,0.6824294111502621
2020-01-29,-0.9201298218727015
2020-01-30,0.4428042613568592
2020-01-31,1.1741208496716533
2020-02-03,-2.1429590432844483
2020-02-04,-0.8539017295138797
2020-02-05,0.6049288572110211
2020-02-06,-0.20512990015064064
2020-02-07,0.3563290396261421
2020-02-10,-0.5555956509407617
2020-02-11,0.07745433668620044
2020-02-12,-0.1330750482095532
2020-02-13,0.9579169873991664
2020-02-14,0.21493687453860477
2020-02-17,0.2745325987996087
2020-02-18,-0.3242109668539543
2020-02-19,-0.3736419845121642
2020-02-20,-0.32458172538174207
2020-02-21,0.28963134535557056
2020-02-24,-0.3025993030215533
2020-02-25,0.204556514180605
2020-02-26,1.4345108523002958
2020-02-27,0.7087082466344284
2020-02-28,-0.26542767570369635
2020-03-02,0.9461729332405459
2020-03-03,-0.33325019406409767
2020-03-04,-1.6151023936047755
2020-03-05,-0.9264690628885729
2020-03-06,-1.7286054957824117
2020-03-09,-0.364374214406796
2020-03-10,0.01820172134728219
2020-03-11,1.5727746794692374
2020-03-12,0.3342810296982499
2020-03-13,-0.21353512616693698
2020-03-16,0.7700199926034176
2020-03-17,-2.0288662041406824
2020-03-18,0.2556467491760283
2020-03-19,0.7926112078958086
2020-03-20,-1.4870318187536244
2020-03-23,1.2162921455746811
2020-03-24,0.3644415515361473
2020-03-25,-0.42525511361084445
2020-03-26,0.6197952232433296
2020-03-27,2.158810845660284
2020-03-30,0.20610729360501504
2020-03-31,0.2657170034882955
2020-04-01,-0.46645205058105993
2020-04-02,-0.8275421220508566
2020-04-03,0.7983562561424831
2020-04-06,-0.8119377592171495
2020-04-07,0.06715491139094824
2020-04-08,-0.4269340961275472
2020-04-09,0.4140575609767319
2020-04-10,0.2796274947262853
2020-04-13,0.8395783141366683
2020-04-14,-0.4196646106919853
2020-04-15,-0.21642642376137267
2020-04-16,-0.7589934795889614
2020-04-17,-0.3494830194972812
2020-04-20,0.2893548713037274
2020-04-21,0.5656172566809361
2020-04-22,-0.6879539788767312
2020-04-23,0.6567639699811089
2020-04-24,1.0306123538716263
2020-04-27,0.3326772831701177
2020-04-28,1.467544626772799
2020-04-29,-0.6856167146481223
2020-04-30,-1.0881517779347551
2020-05-01,-1.6088210922117143
2020-05-04,1.4991869096148218
2020-05-05,0.6950863214504086
2020-05-06,-0.05715757898202156
2020-05-07,0.27275225696291494
2020-05-08,-1.0462723942750194
2020-05-11,2.3125309731347197
2020-05-12,0.14984656166900875
2020-05-13,0.1195982000436175
2020-05-14,0.7498213786654224
2020-05-15,0.48424554757149635
2020-05-18,0.21647695318912977
2020-05-19,-0.7285126484954427
2020-05-20,0.42824283982842054
2020-05-21,1.6510658627667207
2020-05-22,1.3297091466485702
2020-05-25,1.6380229619556144
2020-05-26,-0.5639215147460228
2020-05-27,-1.045476202581805
2020-05-28,-0.13240473206538383
2020-05-29,0.05554477028812142
2020-06-01,1.0350507040915664
2020-06-02,-1.6213524391584329
2020-06-03,1.5990570258810592
2020-06-04,-0.1755741500610099
2020-06-05,-0.44824193806964807
2020-06-08,-1.0157854832197775
2020-06-09,-1.6625967875749437
2020-06-10,0.895854948025533
2020-06-11,0.07817873122284083
2020-06-12,-1.3009127176710613
2020-06-15,-1.3482085536810386
2020-06-16,-0.3605487479315889
2020-06-17,1.7045256446233028
2020-06-18,-0.28755979437195534
2020-06-19,-1.5774368449663054
2020-06-22,-0.2730879829268082
2020-06-23,-0.2869628621152984
2020-06-24,-2.695957890055575
2020-06-25,-0.06923891090572885
2020-06-26,-0.27642563455455843
2020-06-29,0.7862825185356697
2020-06-30,2.022052244352503
2020-07-01,1.3684266233355307
2020-07-02,-0.32837562475564136
2020-07-03,-1.2753788450368249
2020-07-06,2.9809546042534736
2020-07-07,0.08538954407329642
2020-07-08,0.018781553044151522
2020-07-09,-0.03047194830129806
2020-07-10,0.23489221674683256
2020-07-13,-0.16144854954256488
2020-07-14,-0.605953255107318
2020-07-15,-0.556374521052778
2020-07-16,-0.03210477731227836
2020-07-17,-0.5059332532423312
2020-07-20,-0.6424942154373047
2020-07-21,0.09410405722419492
2020-07-22,-0.2156633810400766
2020-07-23,1.2243857643218523
2020-07-24,-2.3159878812293297
2020-07-27,1.2130647862233908
2020-07-28,1.3915033355658548
2020-07-29,-2.3672943411031433
2020-07-30,-0.4492297578087418
2020-07-31,-0.45957827138048896
2020-08-03,-1.64887132602993
2020-08-04,-0.9489323983661443
2020-08-05,-1.3164782698340454
2020-08-06,2.086388105970714
2020-08-07,1.2165101942182572
2020-08-10,1.6257977919886601
2020-08-11,0.9420227511960886
2020-08-12,-1.422359683391578
2020-08-13,-0.6637419844100781
2020-08-14,0.5903335104759464
2020-08-17,-1.4050426618872576
2020-08-18,0.8348151507309928
2020-08-19,-0.27242243624917
2020-08-20,-0.4018857537190585
2020-08-21,0.7262017250636498
2020-08-24,0.4419409917385743
2020-08-25,-0.34446612088272116
2020-08-26,1.0599682203187004
2020-08-27,-1.0100259997056238
2020-08-28,0.5823694520190831
2020-08-31,0.5448132163338563
2020-09-01,-0.2763313514509665
2020-09-02,0.2796024386266508
2020-09-03,-1.0336462126757742
2020-09-04,0.793282000631882
2020-09-07,-0.15899499518715632
2020-09-08,-0.43137260976008324
2020-09-09,0.844095893444584
2020-09-10,-0.5772207266414509
2020-09-11,-1.139186177996794
2020-09-14,-1.3352852526990613
2020-09-15,0.5599461706252176
2020-09-16,-1.150282717797683
2020-09-17,1.6351665139013696
2020-09-18,-2.1388569885624924
2020-09-21,2.010562532722861
2020-09-22,0.2709038796639006
2020-09-23,-0.11678909767515007
2020-09-24,-0.6191206325942745
2020-09-25,0.4345968537332747
2020-09-28,-0.039050079931900426
2020-09-29,1.0839843253181378
2020-09-30,0.1135400831289453
2020-10-01,0.14188097748908893
2020-10-02,-0.32713726915700747
2020-10-05,-0.04927436890846928
2020-10-06,0.2550593605956228
2020-10-07,-1.368310630391404
2020-10-08,-1.1917282757446834
2020-10-09,0.6877437707882279
2020-10-12,0.15520145297598847
2020-10-13,-0.15972740371918184
2020-10-14,0.015347854605146297
2020-10-15,0.27790121868524037
2020-10-16,-0.4184724594445638
2020-10-19,-0.5919367574650234
2020-10-20,0.14872702590288053
2020-10-21,-0.7205575558363186
2020-10-22,0.306317410896075
2020-10-23,-1.2487117549631295
2020-10-26,0.8380824411362432
2020-10-27,0.39083417260121023
2020-10-28,0.20587768653070654
2020-10-29,0.7636281357308308
2020-10-30,1.3130724239091107
2020-11-02,0.8789177125283434
2020-11-03,-1.6105274601741226
2020-11-04,-1.253704170248148
2020-11-05,-0.6320098629783435
2020-11-06,0.025558873468360888
2020-11-09,0.48165778527881864
2020-11-10,-0.6527991982999412
2020-11-11,0.16498329242521
2020-11-12,-0.6391834933278614
2020-11-13,-0.5114354118506211
2020-11-16,-1.1520015909407215
2020-11-17,-0.8010368339436329
2020-11-18,-1.1737492982505244
2020-11-19,-0.8883721948975877
2020-11-20,0.9618340613142884
2020-11-23,-0.875734194106373
2020-11-24,2.4267990585841317
2020-11-25,0.5755888220181332
2020-11-26,0.20584810255206987
2020-11-27,-0.9037150302041449
2020-11-30,0.7257166120117489
2020-12-01,-0.5800704346469684
2020-12-02,0.11871932111794548
2020-12-03,2.3688463875016113
2020-12-04,-0.11115157777181345
2020-12-07,1.2533390713380113
2020-12-08,-0.7760432762894939
2020-12-09,-0.03744773456618494
2020-12-10,1.7917735555416496
2020-12-11,-0.6985265218013113
2020-12-14,1.9469257597379501
2020-12-15,0.8403687021862097
2020-12-16,-0.6459821150954342
2020-12-17,0.6964775075371836
2020-12-18,1.0335928970549904
2020-12-21,0.657142568777043
2020-12-22,-1.603264656280823
2020-12-23,-0.7942763701813766
2020-12-24,-0.26280153883484947
2020-12-25,-0.07499375984942025
2020-12-28,0.5931911281689549
2020-12-29,0.16494486428650418
2020-12-30,-1.1831689483421934
2020-12-31,0.352026299658399
2021-01-01,0.5430761311624377
2021-01-04,0.48541388629275695
2021-01-05,0.9124102311943488
2021-01-06,0.7169024351956433
2021-01-07,0.3922109065875632
2021-01-08,-0.05809476926232283
2021-01-11,-1.3215185505567608
2021-01-12,0.3752023044054188
2021-01-13,0.1752951000053675
2021-01-14,0.22039834414169915
2021-01-15,-1.0009835142711485
2021-01-18,-0.8866427324954849
2021-01-19,0.8813706429715347
2021-01-20,-0.033633634856897826
2021-01-21,0.555608083220116
2021-01-22,0.022757783932845176
2021-01-25,0.023030053495239077
2021-01-26,0.7016547806454231
2021-01-27,-0.3911620368746569
2021-01-28,0.07152319211470835
2021-01-29,-0.33371665148793356
2021-02-01,-0.30849405607194513
2021-02-02,-0.2159798378681977
2021-02-03,0.1522014185851892
2021-02-04,-0.3216415423662453
2021-02-05,0.8367584145471075
2021-02-08,-0.6309501082033402
2021-02-09,-0.1337952257844123
2021-02-10,-0.3070305366742952
2021-02-11,0.9960163388379099
2021-02-12,0.14602682754595755
2021-02-15,0.7449946944505024
2021-02-16,-1.1003145686120268
2021-02-17,0.21320185521319865
2021-02-18,0.6869858850143661
2021-02-19,0.0639523443044306
2021-02-22,0.8000775568994772
2021-02-23,-0.3984449651233277
2021-02-24,1.0641992637390734
2021-02-25,1.8504381182587908
2021-02-26,-0.3523700995305169
2021-03-01,-0.41412002086204686
2021-03-02,1.3012576145201882
2021-03-03,1.4990958668752992
2021-03-04,-0.5332975799601453
2021-03-05,-0.4122791753646692
2021-03-08,-0.26513304824082773
2021-03-09,-1.2096612932768718
2021-03-10,-0.8639414522965324
2021-03-11,-0.9400444149630698
2021-03-12,-0.7216142198919665
2021-03-15,-0.03203224668220916
2021-03-16,0.20619692420479394
2021-03-17,1.3092814527162273
2021-03-18,-0.9081825402290883
2021-03-19,0.8999255187180725
2021-03-22,-0.19629619478725255
2021-03-23,-0.04337906499601107
2021-03-24,0.5661769671951518
2021-03-25,-0.9260896303947522
2021-03-26,0.32315332934628405
2021-03-29,0.135985267638565
2021-03-30,0.3874947608756894
2021-03-31,0.22235996326691257
2021-04-01,1.8333592559682854
2021-04-02,-0.5914296453615058
2021-04-05,-0.47966789236869933
2021-04-06,-0.5456019436383275
2021-04-07,-0.4750530041476871
2021-04-08,-0.531082720503452
2021-04-09,0.972030967742767
2021-04-12,1.1990910163946558
2021-04-13,-0.5103170370554782
2021-04-14,-0.7235171331449033
2021-04-15,0.4067826836331153
2021-04-16,-0.4618409276486634
2021-04-19,0.5164742956123762
2021-04-20,0.16267497138014805
2021-04-21,-1.1730177703410387
2021-04-22,1.2916484536214943
2021-04-23,1.6152932938466122
2021-04-26,-0.6123499113889087
2021-04-27,-0.37514617083879453
2021-04-28,0.26508706573939445
2021-04-29,0.296886153186542
2021-04-30,0.5621104446629536
2021-05-03,1.6829197437128744
2021-05-04,-0.17054752783872001
2021-05-05,-0.7327551812181806
2021-05-06,-1.2489114704225401
2021-05-07,-0.694517941406436
2021-05-10,-0.03082157326282761
2021-05-11,1.5908974411364543
2021-05-12,-0.5100805967587851
2021-05-13,0.21247660449839526
2021-05-14,-0.014878453334686974
2021-05-17,1.0275774751464206
2021-05-18,2.2475630388128383
2021-05-19,-0.5881865235809799
2021-05-20,-0.519833006687439
2021-05-21,1.0627220302815537
2021-05-24,0.6965400064220455
2021-05-25,1.8332035533567632
2021-05-26,0.645941237147455
2021-05-27,-0.3822452967765419
2021-05-28,0.598483435556335
2021-05-31,1.0854539596595456
2021-06-01,0.8132901681742131
2021-06-02,0.49476979622331024
2021-06-03,1.0023856101832616
2021-06-04,1.10997221657377
2021-06-07,1.3394421577747406
2021-06-08,0.6576275292320307
2021-06-09,-0.16431858963322538
2021-06-10,0.13719580417236843
2021-06-11,1.0758745910411405
2021-06-14,-0.74946826686639
2021-06-15,0.33416763779474246
2021-06-16,-0.3427925985224473
2021-06-17,0.02417519743304155
2021-06-18,1.0317408726929576
2021-06-21,0.16102781303909125
2021-06-22,0.037614450952734385
2021-06-23,-1.0602096402662418
2021-06-24,0.6149592641311205
2021-06-25,0.5263898965618156
2021-06-28,1.7346383806149008
2021-06-29,-0.29156793574232054
2021-06-30,0.19860898941699592
2021-07-01,0.21627021379705197
2021-07-02,1.3140625437963374
2021-07-05,-0.08589935021409294
2021-07-06,0.24024723111704605
2021-07-07,0.5034710295819642
2021-07-08,0.15141833416391676
2021-07-09,-0.3492282430148115
2021-07-12,0.14811245882164403
2021-07-13,0.7941849642469248
2021-07-14,-0.7805422544623093
2021-07-15,0.10320163506010498
2021-07-16,-0.5253635854485125
2021-07-19,0.8912700190717494
2021-07-20,-1.1820418344942
2021-07-21,-0.46816641574256124
2021-07-22,0.30836696079844306
2021-07-23,1.240183122926649
2021-07-26,-0.056454462752238935
2021-07-27,-0.45680546553121454
2021-07-28,1.512296997961035
2021-07-29,-1.3176500461368101
2021-07-30,-2.117553623191155
2021-08-02,0.4991292498898459
2021-08-03,-0.5427402227843435
2021-08-04,-1.0577553241587818
2021-08-05,0.7340190170918189
2021-08-06,0.2458137749928463
2021-08-09,-0.5410855820124917
2021-08-10,-1.1882673708674267
2021-08-11,0.8383687923467424
2021-08-12,0.6186013015784336
2021-08-13,-0.09184639083411866
2021-08-16,1.6307484190969428
2021-08-17,-1.0586844698788762
2021-08-18,-1.520992639111751
2021-08-19,-0.7343027221943014
2021-08-20,-0.04696186637886631
2021-08-23,0.2374652936490605
2021-08-24,-0.22437504436067596
2021-08-25,0.3129862794862814
2021-08-26,-1.0704925713276394
2021-08-27,1.2803692868914431
2021-08-30,-0.07717084265839379
2021-08-31,0.9997510785241834
2021-09-01,0.31233357977340903
2021-09-02,0.39967571762841064
2021-09-03,0.4823912211514279
2021-09-06,0.36988375329861717
2021-09-07,0.5157248057734817
2021-09-08,1.0498409741588162
2021-09-09,0.1633030762845814
2021-09-10,0.5670259029203302
2021-09-13,-0.07098837436538458
2021-09-14,1.099069194670402
2021-09-15,-0.5519431434074715
2021-09-16,1.4480010532980647
2021-09-17,-0.03612337498803136
2021-09-20,-1.2290642476367808
2021-09-21,0.11658823300778517
2021-09-22,-0.5919290580715563
2021-09-23,0.7168335186896864
2021-09-24,-0.5535569651534998
2021-09-27,-0.37121071871666034
2021-09-28,-1.5258858444523868
2021-09-29,-0.413839256298172
2021-09-30,-2.1389210447645555
2021-10-01,-1.7128056467706154
2021-10-04,0.8793731779618817
2021-10-05,0.8834848158639207
2021-10-06,0.4665547226306572
2021-10-07,-1.011361924419873
2021-10-08,-0.04963148410220799
2021-10-11,-0.0035481607809822496
2021-10-12,-1.0832626099037224
2021-10-13,1.4347020725589847
2021-10-14,0.8903960866453712
2021-10-15,-0.22148533612941246
2021-10-18,0.025632230406673947
2021-10-19,0.18900304731325288
2021-10-20,-1.7715185093351118
2021-10-21,-0.24763757723142987
2021-10-22,-0.6503213991490717
2021-10-25,-0.9316666221454244
2021-10-26,-0.2625268855269041
2021-10-27,1.6061674911788477
2021-10-28,0.6365066793949855
2021-10-29,-0.5505437092939012
2021-11-01,0.5340704226327937
2021-11-02,1.26564348135511
2021-11-03,0.8798640299864177
2021-11-04,0.05647902173687277
2021-11-05,-0.5832669826817212
2021-11-08,0.614652149973349
2021-11-09,0.3399681442486051
2021-11-10,0.7468655467663464
2021-11-11,0.5304494949664625
2021-11-12,0.85971120122687
2021-11-15,-0.44595930507561177
2021-11-16,1.0702400947056188
2021-11-17,0.16831087456668742
2021-11-18,1.6980768818707388
2021-11-19,-0.6565200558079535
2021-11-22,1.6140085478991317
2021-11-23,0.20234078561098867
2021-11-24,-0.6324368365158634
2021-11-25,-0.4568006130441538
2021-11-26,-0.2915641615153534
2021-11-29,0.37041572547592866
2021-11-30,0.4411524474050992
2021-12-01,-0.47120854212150215
2021-12-02,-0.019569143042961024
2021-12-03,1.657765024744504
2021-12-06,1.5774813038904216
2021-12-07,0.43797616574764225
2021-12-08,0.03656307787860219
2021-12-09,0.10980876762348761
2021-12-10,0.5357628840338982
2021-12-13,-0.8720199091052087
2021-12-14,-0.22198799469055408
2021-12-15,-1.3832676144709692
2021-12-16,0.36272390515756825
2021-12-17,0.5660053828706931
2021-12-20,-0.41344180933682645
2021-12-21,1.3069017589403968
2021-12-22,-1.1010119126486477
2021-12-23,-1.355640918674032
2021-12-24,0.22017257873720322
2021-12-27,0.9782081561762963
2021-12-28,1.5864018559162105
2021-12-29,-0.47157173871257857
2021-12-30,1.0623173216629385
2021-12-31,-0.03826235591473177
2022-01-03,-0.16279369072649622
2022-01-04,0.7945910805703197
2022-01-05,0.583608848304198
2022-01-06,-1.3782553057487332
2022-01-07,1.392741497103945
2022-01-10,1.3802498706033839
2022-01-11,-0.6533175845769192
2022-01-12,0.3996990568928771
2022-01-13,0.4771395043214277
2022-01-14,0.2425299417708671
2022-01-17,-0.4896398578873717
2022-01-18,-0.580438656860548
2022-01-19,-0.021661561489112933
2022-01-20,0.9533195648988889
2022-01-21,0.4556448797600195
2022-01-24,-0.30289680668936864
2022-01-25,0.611024331282735
2022-01-26,-2.243358030187569
2022-01-27,1.194086425098165
2022-01-28,-1.8337070525538994
2022-01-31,-0.41807793452563813
2022-02-01,-1.2257544015646886
2022-02-02,-1.4294047535619587
2022-02-03,1.3186625226024433
2022-02-04,-0.5374999191919271
2022-02-07,0.3798172692998247
2022-02-08,-0.04889032667722214
2022-02-09,0.4705818138199932
2022-02-10,0.07285060782278427
2022-02-11,-1.1581954268215646
2022-02-14,0.9328934867768337
2022-02-15,-0.463797531555104
2022-02-16,-1.4108260625680202
2022-02-17,-0.4166839974152497
2022-02-18,1.401886882703024
2022-02-21,0.8451985928014867
2022-02-22,-0.3418608506792357
2022-02-23,-0.327427120058217
2022-02-24,-0.2890749735149402
2022-02-25,1.7924768465337269
2022-02-28,0.38279820367560197
2022-03-01,0.41214458772724216
2022-03-02,0.948593749902169
2022-03-03,0.2215129681268517
2022-03-04,-0.2297110173303896
2022-03-07,-0.16703416419016445
2022-03-08,-0.05851720643431008
2022-03-09,-0.02926331311704065
2022-03-10,0.5519684973684821
2022-03-11,0.03920451385391653
2022-03-14,0.5355361099484386
2022-03-15,-0.05892013993863223
2022-03-16,0.0557848146881385
2022-03-17,-1.3816337532474232
2022-03-18,0.7372115623338781
2022-03-21,0.2803183916157622
2022-03-22,0.7821517140461947
2022-03-23,-2.304751346912786
2022-03-24,2.209584767961979
2022-03-25,-0.17037704772462892
2022-03-28,1.272818073198434
2022-03-29,-1.200775965609192
2022-03-30,0.706024078100601
2022-03-31,-1.1674545711401034
2022-04-01,-0.6918754897098954
2022-04-04,2.0468664017278924
2022-04-05,-0.22890159993784823
2022-04-06,0.24600919860875278
2022-04-07,0.9306707704335795
2022-04-08,0.5220330843874524
2022-04-11,0.15191778036083783
2022-04-12,0.34993123343456906
2022-04-13,2.2075834588954475
2022-04-14,-0.06453481283842794
2022-04-15,0.21251085400630723
2022-04-18,1.0526086498639697
2022-04-19,1.113217679200836
2022-04-20,1.2080880045277007
2022-04-21,0.6626723226208104
2022-04-22,-1.1480404043168349
2022-04-25,1.6652235638367767
2022-04-26,-1.261348077565436
2022-04-27,0.33675597764308335
2022-04-28,-0.7960419163594157
2022-04-29,-0.06603781922896428
2022-05-02,0.32069547419299155
2022-05-03,0.29958403737617145
2022-05-04,0.37683347650839144
2022-05-05,1.390267819565225
2022-05-06,0.42404603472744384
2022-05-09,-0.2198823789526303
2022-05-10,0.8317012063137093
2022-05-11,1.0313201237220346
2022-05-12,-1.0948161008069957
2022-05-13,0.5494512780989186
2022-05-16,0.6268418674445518
2022-05-17,-0.2608784298832039
2022-05-18,1.1593060857361053
2022-05-19,-0.1332049731022466
2022-05-20,0.10667276416341602
2022-05-23,-0.14108163326441836
2022-05-24,0.012235322155680314
2022-05-25,-0.8307860038515907
2022-05-26,-1.122109260856123
2022-05-27,1.3264255728133882
2022-05-30,-0.7642159715283867
2022-05-31,-0.8869671469744975
2022-06-01,-1.9368992789131005
2022-06-02,-0.6740485417409482
2022-06-03,-1.3501662498644111
2022-06-06,1.7357588622615912
2022-06-07,1.1518602546870993
2022-06-08,-0.7811710009567655
2022-06-09,2.473941170898454
2022-06-10,1.275327092868094
2022-06-13,-0.41686987798734504
2022-06-14,-3.027584672861803
2022-06-15,3.4086826361359743
2022-06-16,-2.4440953213061793
2022-06-17,-2.9785712574204797
2022-06-20,1.9729570642983767
2022-06-21,4.631343950035315
2022-06-22,3.1741517037814435
2022-06-23,1.3256944944200972
2022-06-24,1.3196943005827577
2022-06-27,1.791991860803081
2022-06-28,1.5402449928553317
2022-06-29,0.5472965102713839
2022-06-30,0.1892902755089395
2022-07-01,-0.10582812360292405
2022-07-04,-1.1875611834127946
2022-07-05,-0.4256462470037477
2022-07-06,-2.4078981267829023
2022-07-07,-0.1507294066948694
2022-07-08,-1.4151634995213342
2022-07-11,-1.5576140663461675
2022-07-12,0.2535088549984164
2022-07-13,1.8385085825057896
2022-07-14,1.2560374669407963
2022-07-15,-2.1058282712650658
2022-07-18,-1.4071109347153739
2022-07-19,1.3192365903920535
2022-07-20,-1.3526606077136138
2022-07-21,-0.3050501459897574
2022-07-22,0.7015758257238128
2022-07-25,-1.1788473132634372
2022-07-26,0.1268315326093135
2022-07-27,-1.5110417870482686
2022-07-28,-0.7035923798366943
2022-07-29,0.359387598712639
2022-08-01,-1.698241121466873
2022-08-02,0.5030734093753024
2022-08-03,-0.021368899757369452
2022-08-04,0.567885565925827
2022-08-05,0.22169550658514042
2022-08-08,1.2855922312573593
2022-08-09,0.12334490895096693
2022-08-10,-0.40194658164531205
2022-08-11,0.1101304407781464
2022-08-12,0.46751966649775134
2022-08-15,0.040916632212769345
2022-08-16,0.032631670360410495
2022-08-17,-0.5434992381582368
2022-08-18,-0.5087734623533783
2022-08-19,-1.0650355678456092
2022-08-22,1.4143685936856416
2022-08-23,-1.1163880600339449
2022-08-24,-0.6423265059685422
2022-08-25,-0.6512177358751471
2022-08-26,0.7958538831870373
2022-08-29,-0.26141938602047204
2022-08-30,1.0620920742986761
2022-08-31,-0.5943074684876563
2022-09-01,0.2411643537725417
2022-09-02,-0.694361233949243
2022-09-05,1.7760854137786186
2022-09-06,-1.1563879396141818
2022-09-07,0.3082106954490941
2022-09-08,0.6014833484709126
2022-09-09,0.3818993813416017
2022-09-12,-0.16453954794407152
2022-09-13,-0.11038601399347668
2022-09-14,0.03574788501000496
2022-09-15,-0.11537862296203726
2022-09-16,0.730871818701242
2022-09-19,1.7010013678121638
2022-09-20,-0.5117560805336685
2022-09-21,-1.2193901073747129
2022-09-22,-0.082451343216347
2022-09-23,2.2959541574175355
2022-09-26,-0.8986911259509823
2022-09-27,1.7907924559212627
2022-09-28,1.9746200423847096
2022-09-29,-0.7040375315731581
2022-09-30,0.6908772333884766
2022-10-03,1.8926815159320554
2022-10-04,-0.4730018910178748
2022-10-05,-0.240484753226059
2022-10-06,-0.6482248314445708
2022-10-07,-1.0870799356296046
2022-10-10,-0.6943486686582347
2022-10-11,-1.2662414486512301
2022-10-12,0.036072268392586405
2022-10-13,-0.7708276990172191
2022-10-14,0.2292181312068351
2022-10-17,-1.4532127465165754
2022-10-18,0.3313252429986596
2022-10-19,0.7965613581191332
2022-10-20,-1.88059765872251
2022-10-21,0.4028595287512956
2022-10-24,1.259286926133527
2022-10-25,-1.270368839498575
2022-10-26,1.792753719538798
2022-10-27,0.4864840081096511
2022-10-28,-0.7785238014299584
2022-10-31,-0.05973051211066964
2022-11-01,0.5653735776947505
2022-11-02,0.07421940636611422
2022-11-03,0.49993344312908805
2022-11-04,-0.8270220299873678
2022-11-07,0.15188431179061038
2022-11-08,-1.2127769747948387
2022-11-09,-0.10088063451407649
2022-11-10,-0.7829373792960336
2022-11-11,-0.6365677021774401
2022-11-14,1.054077771151259
2022-11-15,0.9633322555639916
2022-11-16,0.5465742486427368
2022-11-17,-0.9549063204358609
2022-11-18,-0.28136971602616734
2022-11-21,1.0365310101739258
2022-11-22,0.12500133543027925
2022-11-23,1.9582507147426391
2022-11-24,0.400994422113576
2022-11-25,0.18714525731719286
2022-11-28,-0.28677080378573816
2022-11-29,0.11867681846747213
2022-11-30,-0.12961880630653216
2022-12-01,0.5778745611478923
2022-12-02,0.7710123840840918
2022-12-05,-0.6392700075983474
2022-12-06,-1.0758706167530878
2022-12-07,-1.5590735674439018
2022-12-08,0.4834887797188782
2022-12-09,-1.0132700309190867
2022-12-12,-2.0075330890231227
2022-12-13,0.4242655935893789
2022-12-14,2.592356540977598
2022-12-15,-0.007777247274684838
2022-12-16,1.007923748152778
2022-12-19,0.09612130043117892
2022-12-20,-0.10939569294675873
2022-12-21,0.9601594682480783
2022-12-22,-0.30024541716231967
2022-12-23,0.26313527487553817
2022-12-26,0.30179206352695487
2022-12-27,-0.6002305331293885
2022-12-28,0.8717129546958912
2022-12-29,-0.1547472343334058
2022-12-30,-0.6400870369873191
2023-01-02,0.4491049920321163
2023-01-03,-0.7331057494973534
2023-01-04,0.023061312461492907
2023-01-05,-0.007176012934386705
2023-01-06,0.8244052221577688
2023-01-09,0.37010738645848357
2023-01-10,-0.019066515943731495
2023-01-11,0.6028082370395627
2023-01-12,1.0293234418890012
2023-01-13,0.43990212363529446
2023-01-16,0.008005654191346953
2023-01-17,-0.9801944914412232
2023-01-18,-0.8390976992796962
2023-01-19,-0.24569061805700215
2023-01-20,-0.4747897325185641
2023-01-23,-0.1434099551160179
2023-01-24,0.04209371417662171
2023-01-25,0.38177647659291736
2023-01-26,-0.050155051783255675
2023-01-27,0.3372218426286874
2023-01-30,0.04419052405115975
2023-01-31,-1.3244440886164752
2023-02-01,-0.732132628632392
2023-02-02,-0.11345164923350748
2023-02-03,-0.9198924851495587
2023-02-06,0.4747178622792298
2023-02-07,1.1904037820283775
2023-02-08,1.0238673228576456
2023-02-09,-0.18542722561442243
2023-02-10,1.2427213162127333
2023-02-13,0.13256775480031943
2023-02-14,-0.28753789049708445
2023-02-15,-0.5046148562616076
2023-02-16,-0.2439904602549892
2023-02-17,-0.30293952333214985
2023-02-20,0.12943439343182342
2023-02-21,0.11821717052147045
2023-02-22,0.002179788108535551
2023-02-23,0.3043843546278382
2023-02-24,0.8177968956430401
2023-02-27,0.6833354250532864
2023-02-28,-1.088028012326702
2023-03-01,-2.018629814858251
2023-03-02,0.9289388590550687
2023-03-03,-1.3507431960463427
2023-03-06,-0.23168301365437782
2023-03-07,-1.1455722036126939
2023-03-08,-1.7983306993354171
2023-03-09,0.5980552360837142
2023-03-10,0.8043938340780227
2023-03-13,-0.5960759953469842
2023-03-14,-2.58352284114165
2023-03-15,-0.6828126886203124
2023-03-16,0.46767286700686794
2023-03-17,-1.6751123050660492
2023-03-20,0.21858254747835743
2023-03-21,-0.017203706175627383
2023-03-22,0.6139751006824765
2023-03-23,0.12209657528043211
2023-03-24,-0.9422395235512384
2023-03-27,1.1575085145520811
2023-03-28,-0.15688747551860868
2023-03-29,-0.02568577160329679
2023-03-30,-0.8359225988761864
2023-03-31,-0.39693057703221685
2023-04-03,-0.7648755417386607
2023-04-04,-0.14914521727453967
2023-04-05,1.4160379375516963
2023-04-06,-1.2515391670213702
2023-04-07,-1.5426443142928241
2023-04-10,1.5181600628372864
2023-04-11,-0.22792712989059838
2023-04-12,-0.6898249791364466
2023-04-13,1.04049283580805
2023-04-14,-0.6084023148464738
2023-04-17,1.7749490558753012
2023-04-18,0.7327158809275361
2023-04-19,-0.5109421353721024
2023-04-20,2.1661830579010726
2023-04-21,-0.7105846295394911
2023-04-24,0.8363976044629176
2023-04-25,0.3278190637080485
2023-04-26,1.353122705807429
2023-04-27,1.6756401928953402
2023-04-28,0.03662439180872457
2023-05-01,-0.8125979340760323
2023-05-02,0.4834762168061532
2023-05-03,-0.6819253080496853
2023-05-04,1.9697219021943517
2023-05-05,0.15274340428293806
2023-05-08,-0.3859493483723307
2023-05-09,0.1859315081969261
2023-05-10,-1.2886116808014634
2023-05-11,-0.9686039239226607
2023-05-12,1.193528284089159
2023-05-15,-0.6675570499830674
2023-05-16,-1.032352843830119
2023-05-17,0.5320986431792161
2023-05-18,1.1335404114913212
2023-05-19,0.7027182611219349
2023-05-22,0.9509132035137263
2023-05-23,-0.723970859737289
2023-05-24,-1.3339879281535154
2023-05-25,1.48335213721219
2023-05-26,-0.3383978317785465
2023-05-29,-0.25036559245663603
2023-05-30,1.2622061129383102
2023-05-31,0.5497832807174612
2023-06-01,0.43504146760808976
2023-06-02,1.9877596100759125
2023-06-05,-0.6935805483627032
2023-06-06,0.9666921485917589
2023-06-07,0.058867946983623555
2023-06-08,0.2626926841842234
2023-06-09,1.4256363098083433
2023-06-12,0.5059835664063823
2023-06-13,0.5161507092664146
2023-06-14,0.9935275073700969
2023-06-15,-0.34199216545981287
2023-06-16,-0.7544055332963711
2023-06-19,-0.9308795932422913
2023-06-20,-1.771235160660914
2023-06-21,2.1103999944572323
2023-06-22,-1.3010255606204948
2023-06-23,-0.26192398471221984
2023-06-26,-0.3092478321838278
2023-06-27,0.3253902569802538
2023-06-28,0.8210014558222771
2023-06-29,0.8511341854120217
2023-06-30,-0.5695361865779399
2023-07-03,-0.1579645181790453
2023-07-04,0.2546197760890721
2023-07-05,-0.21488360877515136
2023-07-06,1.3344110900470145
2023-07-07,0.44294164560401555
2023-07-10,0.6412582474982873
2023-07-11,0.5695940966028619
2023-07-12,0.9888125344437989
2023-07-13,0.15690576790631866
2023-07-14,-1.0780664457608704
2023-07-17,0.34697758289519093
2023-07-18,-0.5459865244147707
2023-07-19,-0.4349601303436202
2023-07-20,0.47070343761223843
2023-07-21,0.9749479668050441
2023-07-24,0.017437101929773595
2023-07-25,0.24341137129408252
2023-07-26,1.3007733272312862
2023-07-27,0.2036545982465527
2023-07-28,2.1174107275190313
2023-07-31,0.5826007373536328
2023-08-01,-1.7484799122087509
2023-08-02,0.8231444334928913
2023-08-03,0.4056378033697769
2023-08-04,1.308409864864244
2023-08-07,0.704741820624701
2023-08-08,-0.14060167644575453
2023-08-09,-1.1797347056466212
2023-08-10,-0.206756108172732
2023-08-11,-0.8005453158243687
2023-08-14,-0.5405832441150429
2023-08-15,0.5317720133459571
2023-08-16,1.4673522076313585
2023-08-17,0.3788878044943197
2023-08-18,-1.101075560630476
2023-08-21,0.4198626709123181
2023-08-22,1.0873315526898086
2023-08-23,-0.5687816959310824
2023-08-24,-0.12149732326211861
2023-08-25,0.012721035170483437
2023-08-28,-0.6508434761077816
2023-08-29,0.5333291172028963
2023-08-30,-0.09779088551461618
2023-08-31,0.32675805419265325
2023-09-01,-0.6737402876334279
2023-09-04,-0.33466443039353283
2023-09-05,0.5399371942519366
2023-09-06,-0.27750926454680747
2023-09-07,1.2556092132584138
2023-09-08,-0.32392264805187804
2023-09-11,0.17676373144838328
2023-09-12,0.7097575282448827
2023-09-13,-1.0919629042801209
2023-09-14,-1.4445484705265443
2023-09-15,-1.390570788601658
2023-09-18,1.2302974578729002
2023-09-19,-0.5541839693932117
2023-09-20,2.4774833250150667
2023-09-21,-0.6820165042167371
2023-09-22,0.2135032045297008
2023-09-25,1.6837754693534437
2023-09-26,2.3281512086922236
2023-09-27,2.716850627235084
2023-09-28,1.8183618205744283
2023-09-29,1.5548998057270285
2023-10-02,0.8890642330255969
